note;sweetness;freshness;spiciness;woodiness;floralcy;fruityness;powderiness;earthiness;warmth;density
honeysuckle;0.85;0.15;0.15;0.15;0.15;0.15;0.15;0.15;0.15;0.15
vodka;0.15;0.15;0.15;0.15;0.15;0.15;0.15;0.15;0.15;0.15
elderflower;0.15;0.15;0.15;0.15;0.85;0.15;0.15;0.15;0.15;0.15
banana bread;0.15;0.15;0.15;0.15;0.15;0.85;0.15;0.15;0.15;0.15
ambertone;0.15;0.15;0.15;0.15;0.15;0.15;0.15;0.15;0.85;0.85
banksia;0.15;0.15;0.15;0.15;0.15;0.15;0.15;0.15;0.15;0.15
posidonia;0.15;0.15;0.15;0.15;0.15;0.15;0.15;0.15;0.15;0.15
bulrush;0.15;0.15;0.15;0.15;0.15;0.15;0.15;0.15;0.15;0.15
heather;0.15;0.15;0.15;0.15;0.15;0.15;0.15;0.15;0.15;0.15
ale;0.15;0.15;0.15;0.15;0.15;0.15;0.15;0.15;0.15;0.15
galbanum;0.15;0.15;0.15;0.15;0.15;0.15;0.15;0.15;0.15;0.15
batida;0.15;0.15;0.15;0.15;0.15;0.15;0.15;0.15;0.15;0.15
beer;0.15;0.15;0.15;0.15;0.15;0.15;0.15;0.15;0.15;0.15
fir;0.15;0.15;0.15;0.15;0.15;0.15;0.15;0.15;0.15;0.15
chutney;0.15;0.15;0.15;0.15;0.15;0.15;0.15;0.15;0.15;0.15
wrightia;0.15;0.15;0.15;0.15;0.15;0.15;0.15;0.15;0.15;0.15
gingerbread;0.15;0.15;0.85;0.15;0.15;0.15;0.15;0.15;0.15;0.15
sylkolide;0.15;0.15;0.15;0.15;0.15;0.15;0.15;0.15;0.15;0.15
pittosporum;0.15;0.15;0.15;0.15;0.15;0.15;0.15;0.15;0.15;0.15
cinnamon;0.15;0.15;0.85;0.15;0.15;0.15;0.15;0.15;0.15;0.15
incense;0.15;0.15;0.15;0.15;0.15;0.15;0.15;0.15;0.15;0.15
estoraque;0.15;0.15;0.15;0.15;0.15;0.15;0.15;0.15;0.15;0.15
tonic;0.15;0.15;0.15;0.15;0.15;0.15;0.15;0.15;0.15;0.15
coffee;0.15;0.15;0.15;0.15;0.15;0.15;0.15;0.15;0.15;0.15
tomato;0.15;0.15;0.15;0.15;0.15;0.15;0.15;0.15;0.15;0.15
palmarosa;0.15;0.15;0.15;0.15;0.15;0.15;0.15;0.15;0.15;0.15
mango;0.15;0.15;0.15;0.15;0.15;0.15;0.15;0.15;0.15;0.15
bromelia;0.15;0.15;0.15;0.15;0.15;0.15;0.15;0.15;0.15;0.15
date;0.15;0.15;0.15;0.15;0.15;0.15;0.15;0.15;0.15;0.15
amyris;0.15;0.15;0.15;0.15;0.15;0.15;0.15;0.15;0.15;0.15
frangipani;0.15;0.15;0.15;0.15;0.15;0.15;0.15;0.15;0.15;0.15
nag champa;0.15;0.15;0.15;0.15;0.15;0.15;0.15;0.15;0.15;0.15
citrus;0.15;0.85;0.15;0.15;0.15;0.15;0.15;0.15;0.15;0.15
satureja;0.15;0.15;0.15;0.15;0.15;0.15;0.15;0.15;0.15;0.15
marmalade;0.15;0.15;0.15;0.15;0.15;0.15;0.15;0.15;0.15;0.15
gelato;0.15;0.15;0.15;0.15;0.15;0.15;0.15;0.15;0.15;0.15
acerola;0.15;0.15;0.15;0.15;0.15;0.15;0.15;0.15;0.15;0.15
timur;0.15;0.15;0.15;0.15;0.15;0.15;0.15;0.15;0.15;0.15
asphalt;0.15;0.15;0.15;0.15;0.15;0.15;0.15;0.15;0.15;0.15
buckwheat;0.15;0.15;0.15;0.15;0.15;0.15;0.15;0.15;0.15;0.15
forget-me-not;0.15;0.15;0.15;0.15;0.15;0.15;0.15;0.15;0.15;0.15
larch;0.15;0.15;0.15;0.15;0.15;0.15;0.15;0.15;0.15;0.15
swartzia;0.15;0.15;0.15;0.15;0.15;0.15;0.15;0.15;0.15;0.15
latte;0.15;0.15;0.15;0.15;0.15;0.15;0.15;0.15;0.15;0.15
rumex;0.15;0.15;0.15;0.15;0.15;0.15;0.15;0.15;0.15;0.15
charred wood;0.15;0.15;0.15;0.85;0.15;0.15;0.15;0.15;0.15;0.15
lingonberry;0.15;0.15;0.15;0.15;0.15;0.85;0.15;0.15;0.15;0.15
avocado;0.15;0.15;0.15;0.15;0.15;0.15;0.15;0.15;0.15;0.15
dianthus;0.15;0.15;0.15;0.15;0.15;0.15;0.15;0.15;0.15;0.15
datura;0.15;0.15;0.15;0.15;0.15;0.15;0.15;0.15;0.15;0.15
ambrostar;0.15;0.15;0.15;0.15;0.15;0.15;0.15;0.15;0.15;0.15
sequoia;0.15;0.15;0.15;0.15;0.15;0.15;0.15;0.15;0.15;0.15
myrrh;0.15;0.15;0.15;0.15;0.15;0.15;0.15;0.15;0.15;0.15
canvas;0.15;0.15;0.15;0.15;0.15;0.15;0.15;0.15;0.15;0.15
fougassette;0.15;0.15;0.15;0.15;0.15;0.15;0.15;0.15;0.15;0.15
fish;0.15;0.15;0.15;0.15;0.15;0.15;0.15;0.15;0.15;0.15
caper;0.15;0.15;0.15;0.15;0.15;0.15;0.15;0.15;0.15;0.15
bread;0.15;0.15;0.15;0.15;0.15;0.15;0.15;0.15;0.15;0.15
goat;0.15;0.15;0.15;0.15;0.15;0.15;0.15;0.15;0.15;0.15
agarwood;0.15;0.15;0.15;0.85;0.15;0.15;0.15;0.15;0.15;0.15
cereals;0.15;0.15;0.15;0.15;0.15;0.15;0.15;0.15;0.15;0.15
velvet;0.15;0.15;0.15;0.15;0.15;0.15;0.15;0.15;0.15;0.15
butomus umbellatus;0.15;0.15;0.15;0.15;0.15;0.15;0.15;0.15;0.15;0.15
osmanthus;0.15;0.15;0.15;0.15;0.15;0.15;0.15;0.15;0.15;0.15
burnt sugar;0.85;0.15;0.15;0.15;0.15;0.15;0.15;0.15;0.15;0.15
caramel;0.85;0.15;0.15;0.15;0.15;0.15;0.15;0.15;0.15;0.15
feathers;0.15;0.15;0.15;0.15;0.15;0.15;0.15;0.15;0.15;0.15
guinea pepper;0.15;0.15;0.85;0.15;0.15;0.15;0.15;0.15;0.15;0.15
zinnia;0.15;0.15;0.15;0.15;0.15;0.15;0.15;0.15;0.15;0.15
apricot;0.15;0.15;0.15;0.15;0.15;0.15;0.15;0.15;0.15;0.15
oat;0.15;0.15;0.15;0.15;0.15;0.15;0.15;0.15;0.15;0.15
muskrat;0.15;0.15;0.15;0.15;0.15;0.15;0.85;0.15;0.15;0.15
oud;0.15;0.15;0.15;0.15;0.15;0.15;0.15;0.15;0.15;0.85
petitgrain;0.15;0.15;0.15;0.15;0.15;0.15;0.15;0.15;0.15;0.15
cheese;0.15;0.15;0.15;0.15;0.15;0.15;0.15;0.15;0.15;0.15
anemone;0.15;0.15;0.15;0.15;0.15;0.15;0.15;0.15;0.15;0.15
rhododendron;0.15;0.15;0.15;0.15;0.15;0.15;0.15;0.15;0.15;0.15
bisabolene;0.15;0.15;0.15;0.15;0.15;0.15;0.15;0.15;0.15;0.15
garlic;0.15;0.15;0.15;0.15;0.15;0.15;0.15;0.15;0.15;0.15
soju;0.15;0.15;0.15;0.15;0.15;0.15;0.15;0.15;0.15;0.15
ginger;0.15;0.15;0.85;0.15;0.15;0.15;0.15;0.15;0.15;0.15
moss flox;0.15;0.15;0.15;0.15;0.15;0.15;0.15;0.85;0.15;0.15
affogato;0.15;0.15;0.15;0.15;0.15;0.15;0.15;0.15;0.15;0.15
cannonball flower;0.15;0.15;0.15;0.15;0.85;0.15;0.15;0.15;0.15;0.15
daisy;0.15;0.15;0.15;0.15;0.15;0.15;0.15;0.15;0.15;0.15
cistus;0.15;0.15;0.15;0.15;0.15;0.15;0.15;0.15;0.15;0.15
belini;0.15;0.15;0.15;0.15;0.15;0.15;0.15;0.15;0.15;0.15
sunflower;0.15;0.15;0.15;0.15;0.85;0.15;0.15;0.15;0.15;0.15
mud;0.15;0.15;0.15;0.15;0.15;0.15;0.15;0.15;0.15;0.15
kumbaru;0.15;0.15;0.15;0.15;0.15;0.15;0.15;0.15;0.15;0.15
longoza;0.15;0.15;0.15;0.15;0.15;0.15;0.15;0.15;0.15;0.15
kulfi;0.15;0.15;0.15;0.15;0.15;0.15;0.15;0.15;0.15;0.15
mahonial;0.15;0.15;0.15;0.15;0.15;0.15;0.15;0.15;0.15;0.15
meringue;0.15;0.15;0.15;0.15;0.15;0.15;0.15;0.15;0.15;0.15
bluebell;0.15;0.15;0.15;0.15;0.15;0.15;0.15;0.15;0.15;0.15
narcissus;0.15;0.15;0.15;0.15;0.15;0.15;0.15;0.15;0.15;0.15
soy milk;0.15;0.15;0.15;0.15;0.15;0.15;0.15;0.15;0.15;0.15
chocolate fudge;0.15;0.15;0.15;0.15;0.15;0.15;0.15;0.15;0.15;0.15
chlorophyll;0.15;0.15;0.15;0.15;0.15;0.15;0.15;0.15;0.15;0.15
saman;0.15;0.15;0.15;0.15;0.15;0.15;0.15;0.15;0.15;0.15
biryani;0.15;0.15;0.15;0.15;0.15;0.15;0.15;0.15;0.15;0.15
nectarine;0.15;0.15;0.15;0.15;0.15;0.15;0.15;0.15;0.15;0.15
amaranth;0.15;0.15;0.15;0.15;0.15;0.15;0.15;0.15;0.15;0.15
cocoa;0.15;0.15;0.15;0.15;0.15;0.15;0.15;0.15;0.15;0.15
moss;0.15;0.15;0.15;0.15;0.15;0.15;0.15;0.85;0.15;0.15
wisteria;0.15;0.15;0.15;0.15;0.15;0.15;0.15;0.15;0.15;0.15
roasted nuts;0.15;0.15;0.15;0.15;0.15;0.15;0.15;0.15;0.15;0.15
durian;0.15;0.15;0.15;0.15;0.15;0.15;0.15;0.15;0.15;0.15
jacaranda;0.15;0.15;0.15;0.15;0.15;0.15;0.15;0.15;0.15;0.15
ground cherry;0.15;0.15;0.15;0.15;0.15;0.15;0.15;0.15;0.15;0.15
negroni;0.15;0.15;0.15;0.15;0.15;0.15;0.15;0.15;0.15;0.15
mugwort;0.15;0.15;0.15;0.15;0.15;0.15;0.15;0.15;0.15;0.15
teak;0.15;0.15;0.15;0.15;0.15;0.15;0.15;0.15;0.15;0.15
roseroot;0.15;0.15;0.15;0.15;0.85;0.15;0.15;0.15;0.15;0.15
sweet grass;0.85;0.15;0.15;0.15;0.15;0.15;0.15;0.15;0.15;0.15
chamallow;0.15;0.15;0.15;0.15;0.15;0.15;0.15;0.15;0.15;0.15
hi-fi;0.15;0.15;0.15;0.15;0.15;0.15;0.15;0.15;0.15;0.15
wormwood;0.15;0.15;0.15;0.85;0.15;0.15;0.15;0.15;0.15;0.15
azalea;0.15;0.15;0.15;0.15;0.15;0.15;0.15;0.15;0.15;0.15
senecio;0.15;0.15;0.15;0.15;0.15;0.15;0.15;0.15;0.15;0.15
daim;0.15;0.15;0.15;0.15;0.15;0.15;0.15;0.15;0.15;0.15
bohea;0.15;0.15;0.15;0.15;0.15;0.15;0.15;0.15;0.15;0.15
spinach;0.15;0.15;0.15;0.15;0.15;0.15;0.15;0.15;0.15;0.15
boronia;0.15;0.15;0.15;0.15;0.15;0.15;0.15;0.15;0.15;0.15
alyssum;0.15;0.15;0.15;0.15;0.15;0.15;0.15;0.15;0.15;0.15
sweet pea;0.85;0.15;0.15;0.15;0.15;0.15;0.15;0.15;0.15;0.15
flowers;0.15;0.15;0.15;0.15;0.85;0.15;0.15;0.15;0.15;0.15
hyssop;0.15;0.15;0.15;0.15;0.15;0.15;0.15;0.15;0.15;0.15
skatole;0.15;0.15;0.15;0.15;0.15;0.15;0.15;0.15;0.15;0.15
costus;0.15;0.15;0.15;0.15;0.15;0.15;0.15;0.15;0.15;0.15
ambrette;0.15;0.15;0.15;0.15;0.15;0.15;0.15;0.15;0.15;0.15
celery;0.15;0.15;0.15;0.15;0.15;0.15;0.15;0.15;0.15;0.15
chypre;0.15;0.15;0.15;0.15;0.15;0.15;0.15;0.15;0.15;0.15
cocktail;0.15;0.15;0.15;0.15;0.15;0.15;0.15;0.15;0.15;0.15
fern;0.15;0.15;0.15;0.15;0.15;0.15;0.15;0.15;0.15;0.15
roots;0.15;0.15;0.15;0.15;0.15;0.15;0.15;0.15;0.15;0.15
biscuit;0.15;0.15;0.15;0.15;0.15;0.15;0.15;0.15;0.15;0.15
choux pastry;0.15;0.15;0.15;0.15;0.15;0.15;0.15;0.15;0.15;0.15
sugar;0.85;0.15;0.15;0.15;0.15;0.15;0.15;0.15;0.15;0.15
mojito;0.15;0.15;0.15;0.15;0.15;0.15;0.15;0.15;0.15;0.15
genipapo;0.15;0.15;0.15;0.15;0.15;0.15;0.15;0.15;0.15;0.15
fuchsia;0.15;0.15;0.15;0.15;0.15;0.15;0.15;0.15;0.15;0.15
burnt match;0.15;0.15;0.15;0.15;0.15;0.15;0.15;0.15;0.15;0.15
kumquat;0.15;0.15;0.15;0.15;0.15;0.15;0.15;0.15;0.15;0.15
horseweed;0.15;0.15;0.15;0.15;0.15;0.15;0.15;0.15;0.15;0.15
meat;0.15;0.15;0.15;0.15;0.15;0.15;0.15;0.15;0.15;0.15
yarrow;0.15;0.15;0.15;0.15;0.15;0.15;0.15;0.15;0.15;0.15
frosting;0.15;0.15;0.15;0.15;0.15;0.15;0.15;0.15;0.15;0.15
jade flower;0.15;0.15;0.15;0.15;0.85;0.15;0.15;0.15;0.15;0.15
beeswax;0.15;0.15;0.15;0.15;0.15;0.15;0.15;0.15;0.15;0.15
carolina reaper;0.15;0.15;0.15;0.15;0.15;0.15;0.15;0.15;0.15;0.15
milkshake;0.15;0.15;0.15;0.15;0.15;0.15;0.15;0.15;0.15;0.15
kir royal;0.15;0.15;0.15;0.15;0.15;0.15;0.15;0.15;0.15;0.15
pepper;0.15;0.15;0.85;0.15;0.15;0.15;0.15;0.15;0.15;0.15
myrica;0.15;0.15;0.15;0.15;0.15;0.15;0.15;0.15;0.15;0.15
pearls;0.15;0.15;0.15;0.15;0.15;0.85;0.15;0.15;0.15;0.15
sap;0.15;0.15;0.15;0.15;0.15;0.15;0.15;0.15;0.15;0.15
elderberry;0.15;0.15;0.15;0.15;0.15;0.85;0.15;0.15;0.15;0.15
skin;0.15;0.15;0.15;0.15;0.15;0.15;0.15;0.15;0.15;0.15
cherry;0.15;0.15;0.15;0.15;0.15;0.15;0.15;0.15;0.15;0.15
akashic;0.15;0.15;0.15;0.15;0.15;0.15;0.15;0.15;0.15;0.15
money;0.15;0.15;0.15;0.15;0.15;0.15;0.15;0.15;0.15;0.15
kephalis;0.15;0.15;0.15;0.15;0.15;0.15;0.15;0.15;0.15;0.15
sainfoin;0.15;0.15;0.15;0.15;0.15;0.15;0.15;0.15;0.15;0.15
evergreen;0.15;0.15;0.15;0.15;0.15;0.15;0.15;0.15;0.15;0.15
anise;0.15;0.15;0.15;0.15;0.15;0.15;0.15;0.15;0.15;0.15
gorse;0.15;0.15;0.15;0.15;0.15;0.15;0.15;0.15;0.15;0.15
wintersweet;0.85;0.15;0.15;0.15;0.15;0.15;0.15;0.15;0.15;0.15
roselle;0.15;0.15;0.15;0.15;0.85;0.15;0.15;0.15;0.15;0.15
loganberry;0.15;0.15;0.15;0.15;0.15;0.85;0.15;0.15;0.15;0.15
jambu;0.15;0.15;0.15;0.15;0.15;0.15;0.15;0.15;0.15;0.15
cananga;0.15;0.15;0.15;0.15;0.15;0.15;0.15;0.15;0.15;0.15
thistle;0.15;0.15;0.15;0.15;0.15;0.15;0.15;0.15;0.15;0.15
kyara;0.15;0.15;0.15;0.15;0.15;0.15;0.15;0.15;0.15;0.15
espresso;0.15;0.15;0.15;0.15;0.15;0.15;0.15;0.15;0.15;0.15
lettuce;0.15;0.15;0.15;0.15;0.15;0.15;0.15;0.15;0.15;0.15
calamansi;0.15;0.15;0.15;0.15;0.15;0.15;0.15;0.15;0.15;0.15
bakhoor;0.15;0.15;0.15;0.15;0.15;0.15;0.15;0.15;0.15;0.15
chive;0.15;0.15;0.15;0.15;0.15;0.15;0.15;0.15;0.15;0.15
tupig;0.15;0.15;0.15;0.15;0.15;0.15;0.15;0.15;0.15;0.15
sea water;0.15;0.15;0.15;0.15;0.15;0.15;0.15;0.15;0.15;0.15
angelica;0.15;0.15;0.15;0.15;0.15;0.15;0.15;0.15;0.15;0.15
salak;0.15;0.15;0.15;0.15;0.15;0.15;0.15;0.15;0.15;0.15
reed;0.15;0.15;0.15;0.15;0.15;0.15;0.15;0.15;0.15;0.15
liatrix;0.15;0.15;0.15;0.15;0.15;0.15;0.15;0.15;0.15;0.15
asparagus;0.15;0.15;0.15;0.15;0.15;0.15;0.15;0.15;0.15;0.15
tolu balsam;0.15;0.15;0.15;0.15;0.15;0.15;0.15;0.15;0.15;0.85
latex;0.15;0.15;0.15;0.15;0.15;0.15;0.15;0.15;0.15;0.15
ravensara;0.15;0.15;0.15;0.15;0.15;0.15;0.15;0.15;0.15;0.15
currant;0.15;0.15;0.15;0.15;0.15;0.15;0.15;0.15;0.15;0.15
lime;0.15;0.85;0.15;0.15;0.15;0.15;0.15;0.15;0.15;0.15
tapioca;0.15;0.15;0.15;0.15;0.15;0.15;0.15;0.15;0.15;0.15
geranium;0.15;0.15;0.15;0.15;0.15;0.15;0.15;0.15;0.15;0.15
loukhoum;0.15;0.15;0.15;0.15;0.15;0.15;0.15;0.15;0.15;0.15
buttercream;0.15;0.15;0.15;0.15;0.15;0.15;0.15;0.15;0.15;0.15
incienso;0.15;0.15;0.15;0.15;0.15;0.15;0.15;0.15;0.15;0.15
sea buckthorn;0.15;0.15;0.15;0.15;0.15;0.15;0.15;0.15;0.15;0.15
waratah;0.15;0.15;0.15;0.15;0.15;0.15;0.15;0.15;0.15;0.15
floral;0.15;0.15;0.15;0.15;0.15;0.15;0.15;0.15;0.15;0.15
coal;0.15;0.15;0.15;0.15;0.15;0.15;0.15;0.15;0.15;0.15
fog;0.15;0.15;0.15;0.15;0.15;0.15;0.15;0.15;0.15;0.15
sawdust;0.15;0.15;0.15;0.15;0.15;0.15;0.15;0.15;0.15;0.15
barrenwort;0.15;0.15;0.15;0.15;0.15;0.15;0.15;0.15;0.15;0.15
driftwood;0.15;0.15;0.15;0.85;0.15;0.15;0.15;0.15;0.15;0.15
delonix;0.15;0.15;0.15;0.15;0.15;0.15;0.15;0.15;0.15;0.15
khella;0.15;0.15;0.15;0.15;0.15;0.15;0.15;0.15;0.15;0.15
pineapple;0.15;0.15;0.15;0.85;0.15;0.85;0.15;0.15;0.15;0.15
abmrocenide;0.15;0.15;0.15;0.15;0.15;0.15;0.15;0.15;0.15;0.15
corn;0.15;0.15;0.15;0.15;0.15;0.15;0.15;0.15;0.15;0.15
civettone;0.15;0.15;0.15;0.15;0.15;0.15;0.15;0.15;0.15;0.15
saffiano leather;0.15;0.15;0.15;0.15;0.15;0.15;0.15;0.15;0.15;0.15
honeycomb;0.85;0.15;0.15;0.15;0.15;0.15;0.15;0.15;0.15;0.15
chia seed;0.15;0.15;0.15;0.15;0.15;0.15;0.15;0.15;0.15;0.15
longan;0.15;0.15;0.15;0.15;0.15;0.15;0.15;0.15;0.15;0.15
valerian;0.15;0.15;0.15;0.15;0.15;0.15;0.15;0.15;0.15;0.15
akebia;0.15;0.15;0.15;0.15;0.15;0.15;0.15;0.15;0.15;0.15
soursop;0.15;0.15;0.15;0.15;0.15;0.15;0.15;0.15;0.15;0.15
elemi;0.15;0.15;0.15;0.15;0.15;0.15;0.15;0.15;0.15;0.15
ironwood;0.15;0.15;0.15;0.85;0.15;0.15;0.15;0.15;0.15;0.15
gladiolus;0.15;0.15;0.15;0.15;0.15;0.15;0.15;0.15;0.15;0.15
solomon's seal;0.15;0.15;0.15;0.15;0.15;0.15;0.15;0.15;0.15;0.15
buttercup;0.15;0.15;0.15;0.15;0.15;0.15;0.15;0.15;0.15;0.15
star anise;0.15;0.15;0.15;0.15;0.15;0.15;0.15;0.15;0.15;0.15
mesquite;0.15;0.15;0.15;0.15;0.15;0.15;0.15;0.15;0.15;0.15
mahogany;0.15;0.15;0.15;0.15;0.15;0.15;0.15;0.15;0.15;0.15
lupin;0.15;0.15;0.15;0.15;0.15;0.15;0.15;0.15;0.15;0.15
bergamot;0.15;0.85;0.15;0.15;0.15;0.15;0.15;0.15;0.15;0.15
caraway;0.15;0.15;0.15;0.15;0.15;0.15;0.15;0.15;0.15;0.15
wildflowers;0.15;0.15;0.15;0.15;0.85;0.15;0.15;0.15;0.15;0.15
cashmeran;0.15;0.15;0.15;0.15;0.15;0.15;0.15;0.15;0.15;0.15
chinotto;0.15;0.15;0.15;0.15;0.15;0.15;0.15;0.15;0.15;0.15
sundew;0.15;0.15;0.15;0.15;0.15;0.15;0.15;0.15;0.15;0.15
popcorn;0.15;0.15;0.15;0.15;0.15;0.15;0.15;0.15;0.15;0.15
halva;0.15;0.15;0.15;0.15;0.15;0.15;0.15;0.15;0.15;0.15
grapefruit;0.15;0.15;0.15;0.15;0.15;0.85;0.15;0.15;0.15;0.15
amber;0.15;0.15;0.15;0.15;0.15;0.15;0.15;0.15;0.85;0.85
lichen;0.15;0.15;0.15;0.15;0.15;0.15;0.15;0.15;0.15;0.15
egg;0.15;0.15;0.15;0.15;0.15;0.15;0.15;0.15;0.15;0.15
papaya;0.15;0.15;0.15;0.15;0.15;0.15;0.15;0.15;0.15;0.15
azolla;0.15;0.15;0.15;0.15;0.15;0.15;0.15;0.15;0.15;0.15
cyperus;0.15;0.15;0.15;0.15;0.15;0.15;0.15;0.15;0.15;0.15
maninka;0.15;0.15;0.15;0.15;0.15;0.15;0.15;0.15;0.15;0.15
lovage root;0.15;0.15;0.15;0.15;0.15;0.15;0.15;0.15;0.15;0.15
carrot;0.15;0.15;0.15;0.15;0.15;0.15;0.15;0.15;0.15;0.15
books;0.15;0.15;0.15;0.15;0.15;0.15;0.15;0.15;0.15;0.15
cedar;0.15;0.15;0.15;0.85;0.15;0.15;0.15;0.15;0.15;0.15
white currant;0.15;0.15;0.15;0.15;0.15;0.15;0.15;0.15;0.15;0.15
sesame;0.15;0.15;0.15;0.15;0.15;0.15;0.15;0.15;0.15;0.15
ashoka;0.15;0.15;0.15;0.15;0.15;0.15;0.15;0.15;0.15;0.15
honey;0.85;0.15;0.15;0.15;0.15;0.15;0.15;0.15;0.15;0.15
spruce;0.15;0.15;0.15;0.15;0.15;0.15;0.15;0.15;0.15;0.15
calvados;0.15;0.15;0.15;0.15;0.15;0.15;0.15;0.15;0.15;0.15
umeshu;0.15;0.15;0.15;0.15;0.15;0.15;0.15;0.15;0.15;0.15
arbutus;0.15;0.15;0.15;0.15;0.15;0.15;0.15;0.15;0.15;0.15
wallflower;0.15;0.15;0.15;0.15;0.85;0.15;0.15;0.15;0.15;0.15
panettone;0.15;0.15;0.15;0.15;0.15;0.15;0.15;0.15;0.15;0.15
chocolate;0.15;0.15;0.15;0.15;0.15;0.15;0.15;0.15;0.15;0.15
coconut;0.15;0.15;0.15;0.15;0.15;0.85;0.15;0.15;0.15;0.15
grains;0.15;0.15;0.15;0.15;0.15;0.15;0.15;0.15;0.15;0.15
limoncello;0.15;0.15;0.15;0.15;0.15;0.15;0.15;0.15;0.15;0.15
kudzu;0.15;0.15;0.15;0.15;0.15;0.15;0.15;0.15;0.15;0.15
marzipan;0.15;0.15;0.15;0.15;0.15;0.15;0.15;0.15;0.15;0.15
lavender;0.15;0.15;0.15;0.15;0.15;0.15;0.15;0.15;0.15;0.15
goldwasser;0.15;0.15;0.15;0.15;0.15;0.15;0.15;0.15;0.15;0.15
fur;0.15;0.15;0.15;0.15;0.15;0.15;0.15;0.15;0.15;0.15
aquatic notes;0.15;0.15;0.15;0.15;0.15;0.15;0.15;0.15;0.15;0.15
ambrettolide;0.15;0.15;0.15;0.15;0.15;0.15;0.15;0.15;0.15;0.15
copper;0.15;0.15;0.15;0.15;0.15;0.15;0.15;0.15;0.15;0.15
poison;0.15;0.15;0.15;0.15;0.15;0.15;0.15;0.15;0.15;0.15
guarana;0.15;0.15;0.15;0.15;0.15;0.15;0.15;0.15;0.15;0.15
acetyl;0.15;0.15;0.15;0.15;0.15;0.15;0.15;0.15;0.15;0.15
rose;0.15;0.15;0.15;0.15;0.85;0.15;0.15;0.15;0.15;0.15
lava;0.15;0.15;0.15;0.15;0.15;0.15;0.15;0.15;0.15;0.15
lantana;0.15;0.15;0.15;0.15;0.15;0.15;0.15;0.15;0.15;0.15
periwinkle;0.15;0.15;0.15;0.15;0.15;0.15;0.15;0.15;0.15;0.15
bamboo;0.15;0.15;0.15;0.15;0.15;0.15;0.15;0.15;0.15;0.15
tulsi;0.15;0.15;0.15;0.15;0.15;0.15;0.15;0.15;0.15;0.15
tequila;0.15;0.15;0.15;0.15;0.15;0.15;0.15;0.15;0.15;0.15
diamond;0.15;0.15;0.15;0.15;0.15;0.15;0.15;0.15;0.15;0.15
dartanol;0.15;0.15;0.15;0.15;0.15;0.15;0.15;0.15;0.15;0.15
wax;0.15;0.15;0.15;0.15;0.15;0.15;0.15;0.15;0.15;0.15
viburnum;0.15;0.15;0.15;0.15;0.15;0.15;0.15;0.15;0.15;0.15
angel's trumpet;0.15;0.15;0.15;0.15;0.15;0.15;0.15;0.15;0.15;0.15
cachalox;0.15;0.15;0.15;0.15;0.15;0.15;0.15;0.15;0.15;0.15
mai tai;0.15;0.15;0.15;0.15;0.15;0.15;0.15;0.15;0.15;0.15
jabuticaba;0.15;0.15;0.15;0.15;0.15;0.15;0.15;0.15;0.15;0.15
karo-karounde;0.15;0.15;0.15;0.15;0.15;0.15;0.15;0.15;0.15;0.15
plumeria;0.15;0.15;0.15;0.15;0.15;0.85;0.15;0.15;0.15;0.15
bonbon;0.15;0.15;0.15;0.15;0.15;0.15;0.15;0.15;0.15;0.15
margarita;0.15;0.15;0.15;0.15;0.15;0.15;0.15;0.15;0.15;0.15
squash;0.15;0.15;0.15;0.15;0.15;0.15;0.15;0.15;0.15;0.15
safflower;0.15;0.15;0.15;0.15;0.85;0.15;0.15;0.15;0.15;0.15
aspic;0.15;0.15;0.15;0.15;0.15;0.15;0.15;0.15;0.15;0.15
clematis;0.15;0.15;0.15;0.15;0.15;0.15;0.15;0.15;0.15;0.15
ravenala;0.15;0.15;0.15;0.15;0.15;0.15;0.15;0.15;0.15;0.15
mahonia;0.15;0.15;0.15;0.15;0.15;0.15;0.15;0.15;0.15;0.15
euphorbia;0.15;0.15;0.15;0.15;0.15;0.15;0.15;0.15;0.15;0.15
strelitzia;0.15;0.15;0.15;0.15;0.15;0.15;0.15;0.15;0.15;0.15
mopane;0.15;0.15;0.15;0.15;0.15;0.15;0.15;0.15;0.15;0.15
hazelnut;0.15;0.15;0.15;0.15;0.15;0.15;0.15;0.15;0.15;0.15
ornithogalum;0.15;0.15;0.15;0.15;0.15;0.15;0.15;0.15;0.15;0.15
walnut;0.15;0.15;0.15;0.15;0.15;0.15;0.15;0.15;0.15;0.15
petroleum;0.15;0.15;0.15;0.15;0.15;0.15;0.15;0.15;0.15;0.15
flax;0.15;0.15;0.15;0.15;0.15;0.15;0.15;0.15;0.15;0.15
rosebay willowherb;0.15;0.15;0.15;0.15;0.85;0.15;0.15;0.15;0.15;0.15
straw;0.15;0.15;0.15;0.15;0.15;0.15;0.15;0.15;0.15;0.15
martini;0.15;0.15;0.15;0.15;0.15;0.15;0.15;0.15;0.15;0.15
ditaxwood;0.15;0.15;0.15;0.85;0.15;0.15;0.15;0.15;0.15;0.15
manuka;0.15;0.15;0.15;0.15;0.15;0.15;0.15;0.15;0.15;0.15
cocobolo;0.15;0.15;0.15;0.15;0.15;0.15;0.15;0.15;0.15;0.15
marshmallow;0.15;0.15;0.15;0.15;0.15;0.15;0.15;0.15;0.15;0.15
galanga;0.15;0.15;0.15;0.15;0.15;0.15;0.15;0.15;0.15;0.15
boysenberry;0.15;0.15;0.15;0.15;0.15;0.85;0.15;0.15;0.15;0.15
habanolide;0.15;0.15;0.15;0.15;0.15;0.15;0.15;0.15;0.15;0.15
acacia;0.15;0.15;0.15;0.15;0.15;0.15;0.15;0.15;0.15;0.15
cashew;0.15;0.15;0.15;0.15;0.15;0.15;0.15;0.15;0.15;0.15
river notes;0.15;0.15;0.15;0.15;0.15;0.15;0.15;0.15;0.15;0.15
chen pi;0.15;0.15;0.15;0.15;0.15;0.15;0.15;0.15;0.15;0.15
baobab;0.15;0.15;0.15;0.15;0.15;0.15;0.15;0.15;0.15;0.15
safraleine;0.15;0.15;0.15;0.15;0.15;0.15;0.15;0.15;0.15;0.15
macadamia;0.15;0.15;0.15;0.15;0.15;0.15;0.15;0.15;0.15;0.15
quince;0.15;0.15;0.15;0.15;0.15;0.15;0.15;0.15;0.15;0.15
taro;0.15;0.15;0.15;0.15;0.15;0.15;0.15;0.15;0.15;0.15
shiso;0.15;0.15;0.15;0.15;0.15;0.15;0.15;0.15;0.15;0.15
yuzu;0.15;0.15;0.15;0.15;0.15;0.15;0.15;0.15;0.15;0.15
iris;0.15;0.15;0.15;0.15;0.15;0.15;0.85;0.15;0.15;0.15
sparkling wine;0.15;0.15;0.15;0.15;0.15;0.15;0.15;0.15;0.15;0.15
cascarilla;0.15;0.15;0.15;0.15;0.15;0.15;0.15;0.15;0.15;0.15
snowberry;0.15;0.15;0.15;0.15;0.15;0.85;0.15;0.15;0.15;0.15
liquidambar;0.15;0.15;0.15;0.15;0.15;0.15;0.15;0.15;0.15;0.15
advocaat;0.15;0.15;0.15;0.15;0.15;0.15;0.15;0.15;0.15;0.15
tulip;0.15;0.15;0.15;0.15;0.15;0.15;0.15;0.15;0.15;0.15
yuzu flower;0.15;0.15;0.15;0.15;0.85;0.15;0.15;0.15;0.15;0.15
lemon;0.15;0.85;0.15;0.15;0.15;0.15;0.15;0.15;0.15;0.15
oriental notes;0.15;0.15;0.15;0.15;0.15;0.15;0.15;0.15;0.15;0.15
pimento;0.15;0.15;0.15;0.15;0.15;0.15;0.15;0.15;0.15;0.15
brown sugar;0.85;0.15;0.15;0.15;0.15;0.15;0.15;0.15;0.15;0.15
mangosteen;0.15;0.15;0.15;0.15;0.15;0.15;0.15;0.15;0.15;0.15
starfish;0.15;0.15;0.15;0.15;0.15;0.15;0.15;0.15;0.15;0.15
clary sage;0.15;0.15;0.15;0.15;0.15;0.15;0.15;0.15;0.15;0.15
crithmum;0.15;0.15;0.15;0.15;0.15;0.15;0.15;0.15;0.15;0.15
wintergreen;0.15;0.15;0.15;0.15;0.15;0.15;0.15;0.15;0.15;0.15
tea;0.15;0.15;0.15;0.15;0.15;0.15;0.15;0.15;0.15;0.15
licorice;0.15;0.15;0.15;0.15;0.15;0.15;0.15;0.15;0.15;0.15
pesto;0.15;0.15;0.15;0.15;0.15;0.15;0.15;0.15;0.15;0.15
knafeh;0.15;0.15;0.15;0.15;0.15;0.15;0.15;0.15;0.15;0.15
ember;0.15;0.15;0.15;0.15;0.15;0.15;0.15;0.15;0.15;0.15
punch;0.15;0.15;0.15;0.15;0.15;0.15;0.15;0.15;0.15;0.15
green plum;0.15;0.15;0.15;0.15;0.15;0.85;0.15;0.15;0.15;0.15
blonde wood;0.15;0.15;0.15;0.85;0.15;0.15;0.15;0.15;0.15;0.15
moscow mule;0.15;0.15;0.15;0.15;0.15;0.15;0.15;0.15;0.15;0.15
waffle;0.15;0.15;0.15;0.15;0.15;0.15;0.15;0.15;0.15;0.15
dark plum;0.15;0.15;0.15;0.15;0.15;0.85;0.15;0.15;0.15;0.15
tobacco;0.15;0.15;0.15;0.15;0.15;0.15;0.15;0.15;0.15;0.15
rambutan;0.15;0.15;0.15;0.15;0.15;0.15;0.15;0.15;0.15;0.15
torreya;0.15;0.15;0.15;0.15;0.15;0.15;0.15;0.15;0.15;0.15
dill;0.15;0.15;0.15;0.15;0.15;0.15;0.15;0.15;0.15;0.15
hyraceum;0.15;0.15;0.15;0.15;0.15;0.15;0.15;0.15;0.15;0.15
genepi;0.15;0.15;0.15;0.15;0.15;0.15;0.15;0.15;0.15;0.15
blueberry;0.15;0.15;0.15;0.15;0.15;0.85;0.15;0.15;0.15;0.15
madeira;0.15;0.15;0.15;0.15;0.15;0.15;0.15;0.15;0.15;0.15
zefir;0.15;0.15;0.15;0.15;0.15;0.15;0.15;0.15;0.15;0.15
pina colada;0.15;0.15;0.15;0.15;0.15;0.15;0.15;0.15;0.15;0.15
strawberry;0.15;0.15;0.15;0.15;0.15;0.85;0.15;0.15;0.15;0.15
hollyhock;0.15;0.15;0.15;0.15;0.15;0.15;0.15;0.15;0.15;0.15
cilantro;0.15;0.15;0.15;0.15;0.15;0.15;0.15;0.15;0.15;0.15
olive;0.15;0.15;0.15;0.15;0.15;0.15;0.15;0.15;0.15;0.15
donut;0.15;0.15;0.15;0.15;0.15;0.15;0.15;0.15;0.15;0.15
tayberry;0.15;0.15;0.15;0.15;0.15;0.85;0.15;0.15;0.15;0.15
aspen;0.15;0.15;0.15;0.15;0.15;0.15;0.15;0.15;0.15;0.15
litchi;0.15;0.15;0.15;0.15;0.15;0.15;0.15;0.15;0.15;0.15
winterberry;0.15;0.15;0.15;0.15;0.15;0.85;0.15;0.15;0.15;0.15
dragee;0.15;0.15;0.15;0.15;0.15;0.15;0.15;0.15;0.15;0.15
plastic;0.15;0.15;0.15;0.15;0.15;0.15;0.15;0.15;0.15;0.15
kadam;0.15;0.15;0.15;0.15;0.15;0.15;0.15;0.15;0.15;0.15
butterscotch;0.15;0.15;0.15;0.15;0.15;0.15;0.15;0.15;0.15;0.15
tuberose;0.15;0.15;0.15;0.15;0.85;0.15;0.15;0.15;0.15;0.15
parchment;0.15;0.15;0.15;0.15;0.15;0.15;0.15;0.15;0.15;0.15
caipirinha;0.15;0.15;0.15;0.15;0.15;0.15;0.15;0.15;0.15;0.15
caviar;0.15;0.15;0.15;0.15;0.15;0.15;0.15;0.15;0.15;0.15
mandrake;0.15;0.15;0.15;0.15;0.15;0.15;0.15;0.15;0.15;0.15
red mulberry;0.15;0.15;0.15;0.15;0.15;0.85;0.15;0.15;0.15;0.15
lysylang;0.15;0.15;0.15;0.15;0.85;0.15;0.15;0.15;0.15;0.15
satin;0.15;0.15;0.15;0.15;0.15;0.15;0.15;0.15;0.15;0.15
campari;0.15;0.15;0.15;0.15;0.15;0.15;0.15;0.15;0.15;0.15
bacon;0.15;0.15;0.15;0.15;0.15;0.15;0.15;0.15;0.15;0.15
gourmand;0.15;0.15;0.15;0.15;0.15;0.15;0.15;0.15;0.15;0.15
pistachio;0.15;0.15;0.15;0.15;0.15;0.15;0.15;0.15;0.15;0.15
naswar;0.15;0.15;0.15;0.15;0.15;0.15;0.15;0.15;0.15;0.15
bbq;0.15;0.15;0.15;0.15;0.15;0.15;0.15;0.15;0.15;0.15
nutgrass;0.15;0.15;0.15;0.15;0.15;0.15;0.15;0.15;0.15;0.15
basil;0.15;0.15;0.15;0.15;0.15;0.15;0.15;0.15;0.15;0.15
catnip;0.15;0.15;0.15;0.15;0.15;0.15;0.15;0.15;0.15;0.15
hawthorn;0.15;0.15;0.15;0.15;0.15;0.15;0.15;0.15;0.15;0.15
mate;0.15;0.15;0.15;0.15;0.15;0.15;0.15;0.15;0.15;0.15
cachaca;0.15;0.15;0.15;0.15;0.15;0.15;0.15;0.15;0.15;0.15
macchiato;0.15;0.15;0.15;0.15;0.15;0.15;0.15;0.15;0.15;0.15
brioche;0.15;0.15;0.15;0.15;0.15;0.15;0.15;0.15;0.15;0.15
marron glace;0.15;0.15;0.15;0.15;0.15;0.15;0.15;0.15;0.15;0.15
satinwood;0.15;0.15;0.15;0.85;0.15;0.15;0.15;0.15;0.15;0.15
rye;0.15;0.15;0.15;0.15;0.15;0.15;0.15;0.15;0.15;0.15
cognac;0.15;0.15;0.15;0.15;0.15;0.15;0.15;0.15;0.15;0.15
acorn;0.15;0.15;0.15;0.15;0.15;0.15;0.15;0.15;0.15;0.15
great burnet;0.15;0.15;0.15;0.15;0.15;0.15;0.15;0.15;0.15;0.15
blood;0.15;0.15;0.15;0.15;0.15;0.15;0.15;0.15;0.15;0.15
carum;0.15;0.15;0.15;0.15;0.15;0.15;0.15;0.15;0.15;0.15
edelweiss;0.15;0.15;0.15;0.15;0.15;0.15;0.15;0.15;0.15;0.15
sagebrush;0.15;0.15;0.15;0.15;0.15;0.15;0.15;0.15;0.15;0.15
spearmint;0.15;0.85;0.15;0.15;0.15;0.85;0.15;0.15;0.15;0.15
sandalore;0.15;0.15;0.15;0.85;0.15;0.15;0.15;0.15;0.15;0.15
madeleine;0.15;0.15;0.15;0.15;0.15;0.15;0.15;0.15;0.15;0.15
marigold;0.15;0.15;0.15;0.15;0.15;0.15;0.15;0.15;0.15;0.15
sarsaparilla;0.15;0.15;0.15;0.15;0.15;0.15;0.15;0.15;0.15;0.15
biscotti;0.15;0.15;0.15;0.15;0.15;0.15;0.15;0.15;0.15;0.15
jeans;0.15;0.15;0.15;0.15;0.15;0.15;0.15;0.15;0.15;0.15
red wine;0.15;0.15;0.15;0.15;0.15;0.15;0.15;0.15;0.15;0.15
cherimoya;0.15;0.15;0.15;0.15;0.15;0.15;0.15;0.15;0.15;0.15
civet;0.15;0.15;0.15;0.15;0.15;0.15;0.15;0.15;0.15;0.15
nougat;0.15;0.15;0.15;0.15;0.15;0.15;0.15;0.15;0.15;0.15
potato;0.15;0.15;0.15;0.15;0.15;0.15;0.15;0.15;0.15;0.15
hyacinth;0.15;0.15;0.15;0.15;0.15;0.15;0.15;0.15;0.15;0.15
lady of the night;0.15;0.15;0.15;0.15;0.15;0.15;0.15;0.15;0.15;0.15
green nard;0.15;0.15;0.15;0.15;0.15;0.15;0.15;0.15;0.15;0.15
tartine;0.15;0.15;0.15;0.15;0.15;0.15;0.15;0.15;0.15;0.15
oysters;0.15;0.15;0.15;0.15;0.15;0.15;0.15;0.15;0.15;0.15
chocolate sauce;0.15;0.15;0.15;0.15;0.15;0.15;0.15;0.15;0.15;0.15
sapote;0.15;0.15;0.15;0.15;0.15;0.15;0.15;0.15;0.15;0.15
grevillea;0.15;0.15;0.15;0.15;0.15;0.15;0.15;0.15;0.15;0.15
bourbon;0.15;0.15;0.15;0.15;0.15;0.15;0.15;0.15;0.15;0.15
asafoetida;0.15;0.15;0.15;0.15;0.15;0.15;0.15;0.15;0.15;0.15
cream soda;0.15;0.15;0.15;0.15;0.15;0.15;0.15;0.15;0.15;0.15
earth;0.15;0.15;0.15;0.15;0.15;0.15;0.15;0.85;0.15;0.15
rosemary;0.15;0.15;0.15;0.15;0.85;0.15;0.15;0.15;0.15;0.15
kanuka;0.15;0.15;0.15;0.15;0.15;0.15;0.15;0.15;0.15;0.15
rosyfolia;0.15;0.15;0.15;0.15;0.15;0.15;0.15;0.15;0.15;0.15
patchouli;0.15;0.15;0.15;0.15;0.15;0.15;0.15;0.85;0.15;0.15
carob tree;0.15;0.15;0.15;0.15;0.15;0.15;0.15;0.15;0.15;0.15
cassata siciliana;0.15;0.15;0.15;0.15;0.15;0.15;0.15;0.15;0.15;0.15
raspberry;0.15;0.15;0.15;0.15;0.15;0.85;0.15;0.15;0.15;0.15
blackwood;0.15;0.15;0.15;0.85;0.15;0.15;0.15;0.15;0.15;0.15
dewberry;0.15;0.15;0.15;0.15;0.15;0.85;0.15;0.15;0.15;0.15
wheat;0.15;0.15;0.15;0.15;0.15;0.15;0.15;0.15;0.15;0.15
pataqueira;0.15;0.15;0.15;0.15;0.15;0.15;0.15;0.15;0.15;0.15
champaca;0.15;0.15;0.15;0.15;0.15;0.15;0.15;0.15;0.15;0.15
coca;0.15;0.15;0.15;0.15;0.15;0.15;0.15;0.15;0.15;0.15
orchid;0.15;0.15;0.15;0.15;0.15;0.15;0.15;0.15;0.15;0.15
brick;0.15;0.15;0.15;0.15;0.15;0.15;0.15;0.15;0.15;0.15
amarula;0.15;0.15;0.15;0.15;0.15;0.15;0.15;0.15;0.15;0.15
akigalawood;0.15;0.15;0.15;0.85;0.15;0.15;0.15;0.15;0.15;0.15
melilotus;0.15;0.15;0.15;0.15;0.15;0.15;0.15;0.15;0.15;0.15
opium;0.15;0.15;0.15;0.15;0.15;0.15;0.15;0.15;0.15;0.15
curcuma;0.15;0.15;0.15;0.15;0.15;0.15;0.15;0.15;0.15;0.15
bran;0.15;0.15;0.15;0.15;0.15;0.15;0.15;0.15;0.15;0.15
dulce de leche;0.15;0.15;0.15;0.15;0.15;0.15;0.15;0.15;0.15;0.15
greengage;0.15;0.15;0.15;0.15;0.15;0.15;0.15;0.15;0.15;0.15
okra;0.15;0.15;0.15;0.15;0.15;0.15;0.15;0.15;0.15;0.15
praline;0.15;0.15;0.15;0.15;0.15;0.15;0.15;0.15;0.15;0.15
truffle;0.15;0.15;0.15;0.15;0.15;0.15;0.15;0.15;0.15;0.15
moonshine;0.15;0.15;0.15;0.15;0.15;0.15;0.15;0.15;0.15;0.15
barley;0.15;0.15;0.15;0.15;0.15;0.15;0.15;0.15;0.15;0.15
blue bugle;0.15;0.15;0.15;0.15;0.15;0.15;0.15;0.15;0.15;0.15
ouzo;0.15;0.15;0.15;0.15;0.15;0.15;0.15;0.15;0.15;0.15
nootka;0.15;0.15;0.15;0.15;0.15;0.15;0.15;0.15;0.15;0.15
cauliflower;0.15;0.15;0.15;0.15;0.85;0.15;0.15;0.15;0.15;0.15
impatiens;0.15;0.15;0.15;0.15;0.15;0.15;0.15;0.15;0.15;0.15
bengal pepper;0.15;0.15;0.85;0.15;0.15;0.15;0.15;0.15;0.15;0.15
grass;0.15;0.15;0.15;0.15;0.15;0.15;0.15;0.15;0.15;0.15
buddleia;0.15;0.15;0.15;0.15;0.15;0.15;0.15;0.15;0.15;0.15
hibiscus;0.15;0.15;0.15;0.15;0.15;0.15;0.15;0.15;0.15;0.15
propolis;0.15;0.15;0.15;0.15;0.15;0.15;0.15;0.15;0.15;0.15
guayacan;0.15;0.15;0.15;0.15;0.15;0.15;0.15;0.15;0.15;0.15
toffee;0.15;0.15;0.15;0.15;0.15;0.15;0.15;0.15;0.15;0.15
kiwi;0.15;0.15;0.15;0.15;0.15;0.15;0.15;0.15;0.15;0.15
calendula;0.15;0.15;0.15;0.15;0.15;0.15;0.15;0.15;0.15;0.15
wolfberry;0.15;0.15;0.15;0.15;0.15;0.85;0.15;0.15;0.15;0.15
fo ti;0.15;0.15;0.15;0.15;0.15;0.15;0.15;0.15;0.15;0.15
chantilly cream;0.15;0.15;0.15;0.15;0.15;0.15;0.15;0.15;0.15;0.15
ishpink;0.15;0.15;0.15;0.15;0.15;0.15;0.15;0.15;0.15;0.15
buriti;0.15;0.15;0.15;0.15;0.15;0.15;0.15;0.15;0.15;0.15
aldron;0.15;0.15;0.15;0.15;0.15;0.15;0.15;0.15;0.15;0.15
silk;0.15;0.15;0.15;0.15;0.15;0.15;0.15;0.15;0.15;0.15
peyote;0.15;0.15;0.15;0.15;0.15;0.15;0.15;0.15;0.15;0.15
graphite;0.15;0.15;0.15;0.15;0.15;0.15;0.15;0.15;0.15;0.15
juniper;0.15;0.15;0.15;0.15;0.15;0.15;0.15;0.15;0.15;0.15
abelia;0.15;0.15;0.15;0.15;0.15;0.15;0.15;0.15;0.15;0.15
pomelo;0.15;0.15;0.15;0.15;0.15;0.15;0.15;0.15;0.15;0.15
glass;0.15;0.15;0.15;0.15;0.15;0.15;0.15;0.15;0.15;0.15
shea;0.15;0.15;0.15;0.15;0.15;0.15;0.15;0.15;0.15;0.15
muscone;0.15;0.15;0.15;0.15;0.15;0.15;0.15;0.15;0.15;0.15
millet;0.15;0.15;0.15;0.15;0.15;0.15;0.15;0.15;0.15;0.15
leatherwood;0.15;0.15;0.15;0.85;0.15;0.15;0.15;0.15;0.15;0.15
terracotta;0.15;0.15;0.15;0.15;0.15;0.15;0.15;0.15;0.15;0.15
mulberry;0.15;0.15;0.15;0.15;0.15;0.85;0.15;0.15;0.15;0.15
wool;0.15;0.15;0.15;0.15;0.15;0.15;0.15;0.15;0.15;0.15
lucuma;0.15;0.15;0.15;0.15;0.15;0.15;0.15;0.15;0.15;0.15
mountain air;0.15;0.15;0.15;0.15;0.15;0.15;0.15;0.15;0.15;0.15
lamprocapnos;0.15;0.15;0.15;0.15;0.15;0.15;0.15;0.15;0.15;0.15
michelia;0.15;0.15;0.15;0.15;0.15;0.15;0.15;0.15;0.15;0.15
petrichor;0.15;0.15;0.15;0.15;0.15;0.15;0.15;0.15;0.15;0.15
grenadine;0.15;0.15;0.15;0.15;0.15;0.15;0.15;0.15;0.15;0.15
vetiver;0.15;0.15;0.15;0.15;0.15;0.15;0.15;0.85;0.15;0.15
canele;0.15;0.15;0.15;0.15;0.15;0.15;0.15;0.15;0.15;0.15
phlox;0.15;0.15;0.15;0.15;0.15;0.15;0.15;0.15;0.15;0.15
green forest;0.15;0.15;0.15;0.15;0.15;0.15;0.15;0.15;0.15;0.15
daphne;0.15;0.15;0.15;0.15;0.15;0.15;0.15;0.15;0.15;0.15
green pepper;0.15;0.15;0.85;0.15;0.15;0.15;0.15;0.15;0.15;0.15
vinegar;0.15;0.15;0.15;0.15;0.15;0.15;0.15;0.15;0.15;0.15
plantain;0.15;0.15;0.15;0.15;0.15;0.15;0.15;0.15;0.15;0.15
midori;0.15;0.15;0.15;0.15;0.15;0.15;0.15;0.15;0.15;0.15
mignonetta;0.15;0.15;0.15;0.15;0.15;0.15;0.15;0.15;0.15;0.15
green chilli;0.15;0.15;0.15;0.15;0.15;0.15;0.15;0.15;0.15;0.15
pumpkin;0.15;0.15;0.15;0.15;0.15;0.15;0.15;0.15;0.15;0.15
metallic;0.15;0.15;0.15;0.15;0.15;0.15;0.15;0.15;0.15;0.15
belladona;0.15;0.15;0.15;0.15;0.15;0.15;0.15;0.15;0.15;0.15
bigarade;0.15;0.15;0.15;0.15;0.15;0.15;0.15;0.15;0.15;0.15
carambola;0.15;0.15;0.15;0.15;0.15;0.15;0.15;0.15;0.15;0.15
soybean;0.15;0.15;0.15;0.15;0.15;0.15;0.15;0.15;0.15;0.15
japanese pepper;0.15;0.15;0.85;0.15;0.15;0.15;0.15;0.15;0.15;0.15
pecan;0.15;0.15;0.15;0.15;0.15;0.15;0.15;0.15;0.15;0.15
campion;0.15;0.15;0.15;0.15;0.15;0.15;0.15;0.15;0.15;0.15
goji berry;0.15;0.15;0.15;0.15;0.15;0.85;0.15;0.15;0.15;0.15
velvione;0.15;0.15;0.15;0.15;0.15;0.15;0.15;0.15;0.15;0.15
labdanum;0.15;0.15;0.15;0.15;0.15;0.15;0.15;0.15;0.15;0.85
bellflower;0.15;0.15;0.15;0.15;0.85;0.15;0.15;0.15;0.15;0.15
muhuhu;0.15;0.15;0.15;0.15;0.15;0.15;0.15;0.15;0.15;0.15
barberry;0.15;0.15;0.15;0.15;0.15;0.85;0.15;0.15;0.15;0.15
coral reef;0.15;0.15;0.15;0.15;0.15;0.15;0.15;0.15;0.15;0.15
peanut;0.15;0.15;0.15;0.15;0.15;0.15;0.15;0.15;0.15;0.15
cashmir;0.15;0.15;0.15;0.15;0.15;0.15;0.15;0.15;0.15;0.15
citron;0.15;0.15;0.15;0.15;0.15;0.15;0.15;0.15;0.15;0.15
custard;0.15;0.15;0.15;0.15;0.15;0.15;0.15;0.15;0.15;0.15
thyme;0.15;0.15;0.15;0.15;0.15;0.15;0.15;0.15;0.15;0.15
alder;0.15;0.15;0.15;0.15;0.15;0.15;0.15;0.15;0.15;0.15
smoketree;0.15;0.15;0.15;0.15;0.15;0.15;0.15;0.15;0.15;0.15
dreamwood;0.15;0.15;0.15;0.85;0.15;0.15;0.15;0.15;0.15;0.15
mimosa;0.15;0.15;0.15;0.15;0.15;0.15;0.15;0.15;0.15;0.15
cactus;0.15;0.15;0.15;0.15;0.15;0.15;0.15;0.15;0.15;0.15
cream;0.15;0.15;0.15;0.15;0.15;0.15;0.15;0.15;0.15;0.15
malt;0.15;0.15;0.15;0.15;0.15;0.15;0.15;0.15;0.15;0.15
hops;0.15;0.15;0.15;0.15;0.15;0.15;0.15;0.15;0.15;0.15
curry;0.15;0.15;0.15;0.15;0.15;0.15;0.15;0.15;0.15;0.15
peony;0.15;0.15;0.15;0.15;0.15;0.15;0.15;0.15;0.15;0.15
carissa;0.15;0.15;0.15;0.15;0.15;0.15;0.15;0.15;0.15;0.15
drywood;0.15;0.15;0.15;0.85;0.15;0.15;0.15;0.15;0.15;0.15
bubbaloo;0.15;0.15;0.15;0.15;0.15;0.15;0.15;0.15;0.15;0.15
cordyline;0.15;0.15;0.15;0.15;0.15;0.15;0.15;0.15;0.15;0.15
elm;0.15;0.15;0.15;0.15;0.15;0.15;0.15;0.15;0.15;0.15
butter;0.15;0.15;0.15;0.15;0.15;0.15;0.15;0.15;0.15;0.15
sherry;0.15;0.15;0.15;0.15;0.15;0.15;0.15;0.15;0.15;0.15
kangaroo paw;0.15;0.15;0.15;0.15;0.15;0.15;0.15;0.15;0.15;0.15
mustard seed;0.15;0.15;0.15;0.15;0.15;0.15;0.15;0.15;0.15;0.15
sapodilla;0.15;0.15;0.15;0.15;0.15;0.15;0.15;0.15;0.15;0.15
baked pear;0.15;0.15;0.15;0.15;0.15;0.85;0.15;0.15;0.15;0.15
agave;0.15;0.15;0.15;0.15;0.15;0.15;0.15;0.15;0.15;0.15
wolfwood;0.15;0.15;0.15;0.85;0.15;0.15;0.15;0.15;0.15;0.15
cucumber;0.15;0.15;0.15;0.15;0.15;0.15;0.15;0.15;0.15;0.15
chrysanthemum;0.15;0.15;0.15;0.15;0.15;0.15;0.15;0.15;0.15;0.15
massoia;0.15;0.15;0.15;0.15;0.15;0.15;0.15;0.15;0.15;0.15
ashberry;0.15;0.15;0.15;0.15;0.15;0.85;0.15;0.15;0.15;0.15
gunpowder;0.15;0.15;0.15;0.15;0.15;0.15;0.85;0.15;0.15;0.15
nectar;0.15;0.15;0.15;0.15;0.15;0.15;0.15;0.15;0.15;0.15
gin;0.15;0.15;0.15;0.15;0.15;0.15;0.15;0.15;0.15;0.15
cyclopia;0.15;0.15;0.15;0.15;0.15;0.15;0.15;0.15;0.15;0.15
hog plum;0.15;0.15;0.15;0.15;0.15;0.85;0.15;0.15;0.15;0.15
talc;0.15;0.15;0.15;0.15;0.15;0.15;0.15;0.15;0.15;0.15
calamus;0.15;0.15;0.15;0.15;0.15;0.15;0.15;0.15;0.15;0.15
kunzea;0.15;0.15;0.15;0.15;0.15;0.15;0.15;0.15;0.15;0.15
dorayaki;0.15;0.15;0.15;0.15;0.15;0.15;0.15;0.15;0.15;0.15
rose wine;0.15;0.15;0.15;0.15;0.85;0.15;0.15;0.15;0.15;0.15
malva;0.15;0.15;0.15;0.15;0.15;0.15;0.15;0.15;0.15;0.15
cocaine;0.15;0.15;0.15;0.15;0.15;0.15;0.15;0.15;0.15;0.15
ozone;0.15;0.85;0.15;0.15;0.15;0.15;0.15;0.15;0.15;0.15
bubble gum;0.15;0.15;0.15;0.15;0.15;0.15;0.15;0.15;0.15;0.15
kyphi;0.15;0.15;0.15;0.15;0.15;0.15;0.15;0.15;0.15;0.15
creosote;0.15;0.15;0.15;0.15;0.15;0.15;0.15;0.15;0.15;0.15
aglaia;0.15;0.15;0.15;0.15;0.15;0.15;0.15;0.15;0.15;0.15
absinthe;0.15;0.15;0.15;0.15;0.15;0.15;0.15;0.15;0.15;0.15
apple;0.15;0.15;0.15;0.15;0.15;0.85;0.15;0.15;0.15;0.15
iodine;0.15;0.15;0.15;0.15;0.15;0.15;0.15;0.15;0.15;0.15
fig;0.15;0.15;0.15;0.15;0.15;0.15;0.15;0.15;0.15;0.15
salt;0.15;0.15;0.15;0.15;0.15;0.15;0.15;0.15;0.15;0.15
silk vine;0.15;0.15;0.15;0.15;0.15;0.15;0.15;0.15;0.15;0.15
tonka bean;0.15;0.15;0.15;0.15;0.15;0.15;0.15;0.15;0.85;0.15
concrete;0.15;0.15;0.15;0.15;0.15;0.15;0.15;0.15;0.15;0.15
molasses;0.15;0.15;0.15;0.15;0.15;0.15;0.15;0.15;0.15;0.15
hiba;0.15;0.15;0.15;0.15;0.15;0.15;0.15;0.15;0.15;0.15
sassafras;0.15;0.15;0.15;0.15;0.15;0.15;0.15;0.15;0.15;0.15
inula;0.15;0.15;0.15;0.15;0.15;0.15;0.15;0.15;0.15;0.15
procecco;0.15;0.15;0.15;0.15;0.15;0.15;0.15;0.15;0.15;0.15
mineral;0.15;0.15;0.15;0.15;0.15;0.15;0.15;0.15;0.15;0.15
rice;0.15;0.15;0.15;0.15;0.15;0.15;0.15;0.15;0.15;0.15
nard;0.15;0.15;0.15;0.15;0.15;0.15;0.15;0.15;0.15;0.15
moonflower;0.15;0.15;0.15;0.15;0.85;0.15;0.15;0.15;0.15;0.15
gardenia;0.15;0.15;0.15;0.15;0.15;0.15;0.15;0.15;0.15;0.15
toast;0.15;0.15;0.15;0.15;0.15;0.15;0.15;0.15;0.15;0.15
aluminum;0.15;0.15;0.15;0.15;0.15;0.15;0.15;0.15;0.15;0.15
privet;0.15;0.15;0.15;0.15;0.15;0.15;0.15;0.15;0.15;0.15
poinsettia;0.15;0.15;0.15;0.15;0.15;0.15;0.15;0.15;0.15;0.15
trillium;0.15;0.15;0.15;0.15;0.15;0.15;0.15;0.15;0.15;0.15
tennis ball;0.15;0.15;0.15;0.15;0.15;0.15;0.15;0.15;0.15;0.15
artemisia;0.15;0.15;0.15;0.15;0.15;0.15;0.15;0.15;0.15;0.15
fenugreek;0.15;0.15;0.15;0.15;0.15;0.15;0.15;0.15;0.15;0.15
stems green;0.15;0.15;0.15;0.15;0.15;0.15;0.15;0.15;0.15;0.15
palo santo;0.15;0.15;0.15;0.15;0.15;0.15;0.15;0.15;0.15;0.15
cassia;0.15;0.15;0.15;0.15;0.15;0.15;0.15;0.15;0.15;0.15
dandelion;0.15;0.15;0.15;0.15;0.15;0.15;0.15;0.15;0.15;0.15
champagne;0.15;0.15;0.15;0.15;0.15;0.15;0.15;0.15;0.15;0.15
belanis;0.15;0.15;0.15;0.15;0.15;0.15;0.15;0.15;0.15;0.15
spanish broom;0.15;0.15;0.15;0.15;0.15;0.15;0.15;0.15;0.15;0.15
sweat;0.15;0.15;0.15;0.15;0.15;0.15;0.15;0.15;0.15;0.15
saffron;0.15;0.15;0.15;0.15;0.15;0.15;0.15;0.15;0.15;0.15
acai berry;0.15;0.15;0.15;0.15;0.15;0.85;0.15;0.15;0.15;0.15
mirabelle;0.15;0.15;0.15;0.15;0.15;0.15;0.15;0.15;0.15;0.15
lotus;0.15;0.15;0.15;0.15;0.15;0.15;0.15;0.15;0.15;0.15
lemonade;0.15;0.85;0.15;0.15;0.15;0.15;0.15;0.15;0.15;0.15
lily;0.15;0.15;0.15;0.15;0.85;0.15;0.15;0.15;0.15;0.15
plum;0.15;0.15;0.15;0.15;0.15;0.85;0.15;0.15;0.15;0.15
rue;0.15;0.15;0.15;0.15;0.15;0.15;0.15;0.15;0.15;0.15
chalood;0.15;0.15;0.15;0.15;0.15;0.15;0.15;0.15;0.15;0.15
violet;0.15;0.15;0.15;0.15;0.85;0.15;0.15;0.15;0.15;0.15
oolong;0.15;0.15;0.15;0.15;0.15;0.15;0.15;0.15;0.15;0.15
rum;0.15;0.15;0.15;0.15;0.15;0.15;0.15;0.15;0.15;0.15
pink pepper;0.15;0.15;0.85;0.15;0.15;0.15;0.15;0.15;0.15;0.15
oak;0.15;0.15;0.15;0.85;0.15;0.15;0.15;0.15;0.15;0.15
indian spices;0.15;0.15;0.85;0.15;0.15;0.15;0.15;0.15;0.85;0.15
eucalyptus;0.15;0.15;0.15;0.15;0.15;0.15;0.15;0.15;0.15;0.15
woody;0.15;0.15;0.15;0.85;0.15;0.15;0.15;0.15;0.15;0.15
french pastry;0.15;0.15;0.15;0.15;0.15;0.15;0.15;0.15;0.15;0.15
anthamber;0.15;0.15;0.15;0.15;0.15;0.15;0.15;0.15;0.85;0.85
candies;0.15;0.15;0.15;0.15;0.15;0.15;0.15;0.15;0.15;0.15
primrose;0.15;0.15;0.15;0.15;0.85;0.15;0.15;0.15;0.15;0.15
cigarette;0.15;0.15;0.15;0.15;0.15;0.15;0.15;0.15;0.15;0.15
matcha;0.15;0.15;0.15;0.15;0.15;0.15;0.15;0.15;0.15;0.15
pretzel;0.15;0.15;0.15;0.15;0.15;0.15;0.15;0.15;0.15;0.15
cannabis;0.15;0.15;0.15;0.15;0.15;0.15;0.15;0.15;0.15;0.15
mung bean;0.15;0.15;0.15;0.15;0.15;0.15;0.15;0.15;0.15;0.15
wattleseed;0.15;0.15;0.15;0.15;0.15;0.15;0.15;0.15;0.15;0.15
larkspur;0.15;0.15;0.15;0.15;0.15;0.15;0.15;0.15;0.15;0.15
rhubarb;0.15;0.15;0.15;0.15;0.15;0.15;0.15;0.15;0.15;0.15
pea;0.15;0.15;0.15;0.15;0.15;0.15;0.15;0.15;0.15;0.15
hemlock;0.15;0.15;0.15;0.15;0.15;0.15;0.15;0.15;0.15;0.15
pennyroyal;0.15;0.15;0.15;0.15;0.15;0.15;0.15;0.15;0.15;0.15
clove;0.15;0.15;0.85;0.15;0.15;0.15;0.15;0.15;0.15;0.15
camellia;0.15;0.15;0.15;0.15;0.15;0.15;0.15;0.15;0.15;0.15
henna;0.15;0.15;0.15;0.15;0.15;0.15;0.15;0.15;0.15;0.15
oregano;0.15;0.15;0.15;0.15;0.15;0.15;0.15;0.15;0.15;0.15
croissant;0.15;0.15;0.15;0.15;0.15;0.15;0.15;0.15;0.15;0.15
laminaria;0.15;0.15;0.15;0.15;0.15;0.15;0.15;0.15;0.15;0.15
mamey;0.15;0.15;0.15;0.15;0.15;0.15;0.15;0.15;0.15;0.15
albizia;0.15;0.15;0.15;0.15;0.15;0.15;0.15;0.15;0.15;0.15
bay;0.15;0.15;0.15;0.15;0.15;0.15;0.15;0.15;0.15;0.15
ginseng;0.15;0.15;0.15;0.15;0.15;0.15;0.15;0.15;0.15;0.15
wasabi;0.15;0.15;0.15;0.15;0.15;0.15;0.15;0.15;0.15;0.15
cranberry;0.15;0.15;0.15;0.15;0.15;0.85;0.15;0.15;0.15;0.15
hot chocolate;0.15;0.15;0.15;0.15;0.15;0.15;0.15;0.15;0.15;0.15
myrtle;0.15;0.15;0.15;0.15;0.15;0.15;0.15;0.15;0.15;0.15
curacao;0.15;0.15;0.15;0.15;0.15;0.15;0.15;0.15;0.15;0.15
snakeroot;0.15;0.15;0.15;0.15;0.15;0.15;0.15;0.15;0.15;0.15
buddha wood;0.15;0.15;0.15;0.85;0.15;0.15;0.15;0.15;0.15;0.15
chayote;0.15;0.15;0.15;0.15;0.15;0.15;0.15;0.15;0.15;0.15
celosia;0.15;0.15;0.15;0.15;0.15;0.15;0.15;0.15;0.15;0.15
horchata;0.15;0.15;0.15;0.15;0.15;0.15;0.15;0.15;0.15;0.15
freesia;0.15;0.15;0.15;0.15;0.15;0.15;0.15;0.15;0.15;0.15
paperbark;0.15;0.15;0.15;0.15;0.15;0.15;0.15;0.15;0.15;0.15
algae;0.15;0.15;0.15;0.15;0.15;0.15;0.15;0.15;0.15;0.15
locust;0.15;0.15;0.15;0.15;0.15;0.15;0.15;0.15;0.15;0.15
pelagonium;0.15;0.15;0.15;0.15;0.15;0.15;0.15;0.15;0.15;0.15
almond;0.15;0.15;0.15;0.15;0.15;0.15;0.15;0.15;0.15;0.15
cardamom;0.15;0.15;0.85;0.15;0.15;0.15;0.15;0.15;0.15;0.15
cepes;0.15;0.15;0.15;0.15;0.15;0.15;0.15;0.15;0.15;0.15
ash;0.15;0.15;0.15;0.15;0.15;0.15;0.15;0.15;0.15;0.15
mace;0.15;0.15;0.15;0.15;0.15;0.15;0.15;0.15;0.15;0.15
rosewood;0.15;0.15;0.15;0.85;0.85;0.15;0.15;0.15;0.15;0.15
thanaka;0.15;0.15;0.15;0.15;0.15;0.15;0.15;0.15;0.15;0.15
carnation;0.15;0.15;0.15;0.15;0.15;0.15;0.15;0.15;0.15;0.15
hassaku;0.15;0.15;0.15;0.15;0.15;0.15;0.15;0.15;0.15;0.15
baba;0.15;0.15;0.15;0.15;0.15;0.15;0.15;0.15;0.15;0.15
cherry syrup;0.15;0.15;0.15;0.15;0.15;0.15;0.15;0.15;0.15;0.15
bougainvillea;0.15;0.15;0.15;0.15;0.15;0.15;0.15;0.15;0.15;0.15
pine;0.15;0.15;0.15;0.85;0.15;0.15;0.15;0.15;0.15;0.15
hay;0.15;0.15;0.15;0.15;0.15;0.15;0.15;0.15;0.15;0.15
chamomile;0.15;0.15;0.15;0.15;0.15;0.15;0.15;0.15;0.15;0.15
bearberry;0.15;0.15;0.15;0.15;0.15;0.85;0.15;0.15;0.15;0.15
silver;0.15;0.15;0.15;0.15;0.15;0.15;0.15;0.15;0.15;0.15
papyrus;0.15;0.15;0.15;0.15;0.15;0.15;0.15;0.15;0.15;0.15
genmaicha;0.15;0.15;0.15;0.15;0.15;0.15;0.15;0.15;0.15;0.15
chalk;0.15;0.15;0.15;0.15;0.15;0.15;0.15;0.15;0.15;0.15
amburana;0.15;0.15;0.15;0.15;0.15;0.15;0.15;0.15;0.15;0.15
cetalox;0.15;0.15;0.15;0.15;0.15;0.15;0.15;0.15;0.15;0.15
cheesecake;0.15;0.15;0.15;0.15;0.15;0.15;0.15;0.15;0.15;0.15
kowhai;0.15;0.15;0.15;0.15;0.15;0.15;0.15;0.15;0.15;0.15
centella;0.15;0.15;0.15;0.15;0.15;0.15;0.15;0.15;0.15;0.15
passionfruit;0.15;0.15;0.15;0.15;0.15;0.85;0.15;0.15;0.15;0.15
cobblestone;0.15;0.15;0.15;0.15;0.15;0.15;0.15;0.15;0.15;0.15
coca-cola;0.15;0.15;0.15;0.15;0.15;0.15;0.15;0.15;0.15;0.15
lesser calamint;0.15;0.85;0.15;0.15;0.15;0.15;0.15;0.15;0.15;0.15
ice cream;0.15;0.15;0.15;0.15;0.15;0.15;0.15;0.15;0.15;0.15
almdudler;0.15;0.15;0.15;0.15;0.15;0.15;0.15;0.15;0.15;0.15
balsamic notes;0.15;0.15;0.15;0.15;0.15;0.15;0.15;0.15;0.15;0.85
baked apple;0.15;0.15;0.15;0.15;0.15;0.85;0.15;0.15;0.15;0.15
buddha's hand;0.15;0.15;0.15;0.15;0.15;0.15;0.15;0.15;0.15;0.15
souffle;0.15;0.15;0.15;0.15;0.15;0.15;0.15;0.15;0.15;0.15
aperol;0.15;0.15;0.15;0.15;0.15;0.15;0.15;0.15;0.15;0.15
leather;0.15;0.15;0.15;0.15;0.15;0.15;0.15;0.15;0.15;0.15
dragibus;0.15;0.15;0.15;0.15;0.15;0.15;0.15;0.15;0.15;0.15
chestnut;0.15;0.15;0.15;0.15;0.15;0.15;0.15;0.15;0.15;0.15
scotch;0.15;0.15;0.15;0.15;0.15;0.15;0.15;0.15;0.15;0.15
mint;0.15;0.85;0.15;0.15;0.15;0.15;0.15;0.15;0.15;0.15
neroli;0.15;0.15;0.15;0.15;0.15;0.15;0.15;0.15;0.15;0.15
exaltolide;0.15;0.15;0.15;0.15;0.15;0.15;0.15;0.15;0.15;0.15
mistletoe;0.15;0.15;0.15;0.15;0.15;0.15;0.15;0.15;0.15;0.15
liquor;0.15;0.15;0.15;0.15;0.15;0.15;0.15;0.15;0.15;0.15
heliotrope;0.15;0.15;0.15;0.15;0.15;0.15;0.85;0.15;0.15;0.15
petalia;0.15;0.15;0.15;0.15;0.15;0.15;0.15;0.15;0.15;0.15
cappuccino;0.15;0.15;0.15;0.15;0.15;0.15;0.15;0.15;0.15;0.15
chicory;0.15;0.15;0.15;0.15;0.15;0.15;0.15;0.15;0.15;0.15
copal;0.15;0.15;0.15;0.15;0.15;0.15;0.15;0.15;0.15;0.15
cupcake;0.15;0.15;0.15;0.15;0.15;0.15;0.15;0.15;0.15;0.15
rhizoma;0.15;0.15;0.15;0.15;0.15;0.15;0.15;0.15;0.15;0.15
breu-branco;0.15;0.15;0.15;0.15;0.15;0.15;0.15;0.15;0.15;0.15
ammophila;0.15;0.15;0.15;0.15;0.15;0.15;0.15;0.15;0.15;0.15
popsicle;0.15;0.15;0.15;0.15;0.15;0.15;0.15;0.15;0.15;0.15
salted caramel;0.85;0.15;0.15;0.15;0.15;0.15;0.15;0.15;0.15;0.15
bottlebrush;0.15;0.15;0.15;0.15;0.15;0.15;0.15;0.15;0.15;0.15
cloudberry;0.15;0.15;0.15;0.15;0.15;0.85;0.15;0.15;0.15;0.85
coleus;0.15;0.15;0.15;0.15;0.15;0.15;0.15;0.15;0.15;0.15
ma-kwaen;0.15;0.15;0.15;0.15;0.15;0.15;0.15;0.15;0.15;0.15
tangerine;0.15;0.15;0.15;0.15;0.15;0.15;0.15;0.15;0.15;0.15
flint;0.15;0.15;0.15;0.15;0.15;0.15;0.15;0.15;0.15;0.15
gasoline;0.15;0.15;0.15;0.15;0.15;0.15;0.15;0.15;0.15;0.15
cypress;0.15;0.15;0.15;0.15;0.15;0.15;0.15;0.15;0.15;0.15
amaretto;0.15;0.15;0.15;0.15;0.15;0.15;0.15;0.15;0.15;0.15
tonka beans;0.15;0.15;0.15;0.15;0.15;0.15;0.15;0.15;0.85;0.15
miracle berry;0.15;0.15;0.15;0.15;0.15;0.85;0.15;0.15;0.15;0.15
gooseberry;0.15;0.15;0.15;0.15;0.15;0.85;0.15;0.15;0.15;0.15
snow;0.15;0.15;0.15;0.15;0.15;0.15;0.15;0.15;0.15;0.15
alpinia;0.15;0.15;0.15;0.15;0.15;0.15;0.15;0.15;0.15;0.15
musk;0.15;0.15;0.15;0.15;0.15;0.15;0.85;0.15;0.15;0.15
bushman candle;0.15;0.15;0.15;0.15;0.15;0.15;0.15;0.15;0.15;0.15
eustoma;0.15;0.15;0.15;0.15;0.15;0.15;0.15;0.15;0.15;0.15
applejack;0.15;0.15;0.15;0.15;0.15;0.85;0.15;0.15;0.15;0.15
grisalva;0.15;0.15;0.15;0.15;0.15;0.15;0.15;0.15;0.15;0.15
argan tree;0.15;0.15;0.15;0.15;0.15;0.15;0.15;0.15;0.15;0.15
araucaria;0.15;0.15;0.15;0.15;0.15;0.15;0.15;0.15;0.15;0.15
liatris;0.15;0.15;0.15;0.15;0.15;0.15;0.15;0.15;0.15;0.15
sugandha kokila;0.15;0.15;0.15;0.15;0.15;0.15;0.15;0.15;0.15;0.15
ginkgo;0.15;0.15;0.15;0.15;0.15;0.15;0.15;0.15;0.15;0.15
cyclamen;0.15;0.15;0.15;0.15;0.15;0.15;0.15;0.15;0.15;0.15
pebbles;0.15;0.15;0.15;0.15;0.15;0.15;0.15;0.15;0.15;0.15
st. john's wort;0.15;0.15;0.15;0.15;0.15;0.15;0.15;0.15;0.15;0.15
toothpaste;0.15;0.15;0.15;0.15;0.15;0.15;0.15;0.15;0.15;0.15
meadowsweet;0.85;0.15;0.15;0.15;0.15;0.15;0.15;0.15;0.15;0.15
melilot;0.15;0.15;0.15;0.15;0.15;0.15;0.15;0.15;0.15;0.15
daiquiri;0.15;0.15;0.15;0.15;0.15;0.15;0.15;0.15;0.15;0.15
berries;0.15;0.15;0.15;0.15;0.15;0.15;0.15;0.15;0.15;0.15
benzoin;0.15;0.15;0.15;0.15;0.15;0.15;0.15;0.15;0.15;0.15
chai hu;0.15;0.15;0.15;0.15;0.15;0.15;0.15;0.15;0.15;0.15
starflower;0.15;0.15;0.15;0.15;0.85;0.15;0.15;0.15;0.15;0.15
suede;0.15;0.15;0.15;0.15;0.15;0.15;0.15;0.15;0.15;0.15
borage;0.15;0.15;0.15;0.15;0.15;0.15;0.15;0.15;0.15;0.15
white wine;0.15;0.15;0.15;0.15;0.15;0.15;0.15;0.15;0.15;0.15
motor oil;0.15;0.15;0.15;0.15;0.15;0.15;0.15;0.15;0.15;0.15
snake plant;0.15;0.15;0.15;0.15;0.15;0.15;0.15;0.15;0.15;0.15
styrax;0.15;0.15;0.15;0.15;0.15;0.15;0.15;0.15;0.15;0.15
protea;0.15;0.15;0.15;0.15;0.15;0.15;0.15;0.15;0.15;0.15
castoreum;0.15;0.15;0.15;0.15;0.15;0.15;0.15;0.15;0.15;0.15
begonia;0.15;0.15;0.15;0.15;0.15;0.15;0.15;0.15;0.15;0.15
pancake;0.15;0.15;0.15;0.15;0.15;0.15;0.15;0.15;0.15;0.15
sea shells;0.15;0.15;0.15;0.15;0.15;0.15;0.15;0.15;0.15;0.15
linen;0.15;0.15;0.15;0.15;0.15;0.15;0.15;0.15;0.15;0.15
borneol;0.15;0.15;0.15;0.15;0.15;0.15;0.15;0.15;0.15;0.15
buchu;0.15;0.15;0.15;0.15;0.15;0.15;0.15;0.15;0.15;0.15
lipstick;0.15;0.15;0.15;0.15;0.15;0.15;0.15;0.15;0.15;0.15
sandalwood;0.15;0.15;0.15;0.85;0.15;0.15;0.15;0.15;0.15;0.15
sansevieria;0.15;0.15;0.15;0.15;0.15;0.15;0.15;0.15;0.15;0.15
vermouth;0.15;0.15;0.15;0.15;0.15;0.15;0.15;0.15;0.15;0.15
ducke;0.15;0.15;0.15;0.15;0.15;0.15;0.15;0.15;0.15;0.15
jasmine;0.15;0.15;0.15;0.15;0.85;0.15;0.15;0.15;0.15;0.15
aloe vera;0.15;0.15;0.15;0.15;0.15;0.15;0.15;0.15;0.15;0.15
guaiac;0.15;0.15;0.15;0.85;0.15;0.15;0.15;0.15;0.15;0.15
artichoke;0.15;0.15;0.15;0.15;0.15;0.15;0.15;0.15;0.15;0.15
rainy notes;0.15;0.15;0.15;0.15;0.15;0.15;0.15;0.15;0.15;0.15
stone;0.15;0.15;0.15;0.15;0.15;0.15;0.15;0.15;0.15;0.15
tansy;0.15;0.15;0.15;0.15;0.15;0.15;0.15;0.15;0.15;0.15
goldenrod;0.15;0.15;0.15;0.15;0.15;0.15;0.15;0.15;0.15;0.15
smoke;0.15;0.15;0.15;0.15;0.15;0.15;0.15;0.15;0.15;0.15
seriguela;0.15;0.15;0.15;0.15;0.15;0.15;0.15;0.15;0.15;0.15
wild rose;0.15;0.15;0.15;0.15;0.85;0.15;0.15;0.15;0.15;0.15
hortensia;0.15;0.15;0.15;0.15;0.15;0.15;0.15;0.15;0.15;0.15
pansy;0.15;0.15;0.15;0.15;0.15;0.15;0.15;0.15;0.15;0.15
marjoram;0.15;0.15;0.15;0.15;0.15;0.15;0.15;0.15;0.15;0.15
creamsicle;0.15;0.15;0.15;0.15;0.15;0.15;0.15;0.15;0.15;0.15
opoponax;0.15;0.15;0.15;0.15;0.15;0.15;0.15;0.15;0.15;0.15
genet;0.15;0.15;0.15;0.15;0.15;0.15;0.15;0.15;0.15;0.15
boozy notes;0.15;0.15;0.15;0.15;0.15;0.15;0.15;0.15;0.15;0.15
monarda;0.15;0.15;0.15;0.15;0.15;0.15;0.15;0.15;0.15;0.15
cotton candy;0.15;0.15;0.15;0.15;0.15;0.15;0.15;0.15;0.15;0.15
nasturtium;0.15;0.15;0.15;0.15;0.15;0.15;0.15;0.15;0.15;0.15
tamarind;0.15;0.15;0.15;0.15;0.15;0.15;0.15;0.15;0.15;0.15
ambroxan;0.15;0.15;0.15;0.15;0.15;0.15;0.15;0.15;0.15;0.15
yohimbe;0.15;0.15;0.15;0.15;0.15;0.15;0.15;0.15;0.15;0.15
coumarin;0.15;0.15;0.15;0.15;0.15;0.15;0.15;0.15;0.15;0.15
ice;0.15;0.15;0.15;0.15;0.15;0.15;0.15;0.15;0.15;0.15
brownie;0.15;0.15;0.15;0.15;0.15;0.15;0.15;0.15;0.15;0.15
andiroba;0.15;0.15;0.15;0.15;0.15;0.15;0.15;0.15;0.15;0.15
hinoki;0.15;0.15;0.15;0.15;0.15;0.15;0.15;0.15;0.15;0.15
magnolia;0.15;0.15;0.15;0.15;0.15;0.15;0.15;0.15;0.15;0.15
ambrarome;0.15;0.15;0.15;0.15;0.15;0.15;0.15;0.15;0.15;0.15
parsley;0.15;0.15;0.15;0.15;0.15;0.15;0.15;0.15;0.15;0.15
churros;0.15;0.15;0.15;0.15;0.15;0.15;0.15;0.15;0.15;0.15
immortelle;0.15;0.15;0.15;0.15;0.15;0.15;0.15;0.15;0.15;0.15
coriander;0.15;0.15;0.15;0.15;0.15;0.15;0.15;0.15;0.15;0.15
tumbleweed;0.15;0.15;0.15;0.15;0.15;0.15;0.15;0.15;0.15;0.15
burdock;0.15;0.15;0.15;0.15;0.15;0.15;0.15;0.15;0.15;0.15
mirabilis;0.15;0.15;0.15;0.15;0.15;0.15;0.15;0.15;0.15;0.15
pitahaya;0.15;0.15;0.15;0.15;0.15;0.15;0.15;0.15;0.15;0.15
tar;0.15;0.15;0.15;0.15;0.15;0.15;0.15;0.15;0.15;0.15
slate;0.15;0.15;0.15;0.15;0.15;0.15;0.15;0.15;0.15;0.15
fennel;0.15;0.15;0.15;0.15;0.15;0.15;0.15;0.15;0.15;0.15
erigeron;0.15;0.15;0.15;0.15;0.15;0.15;0.15;0.15;0.15;0.15
birch;0.15;0.15;0.15;0.15;0.15;0.15;0.15;0.15;0.15;0.15
syringa;0.15;0.15;0.15;0.15;0.15;0.15;0.15;0.15;0.15;0.15
jackfruit;0.15;0.15;0.15;0.15;0.15;0.85;0.15;0.15;0.15;0.15
feijoa;0.15;0.15;0.15;0.15;0.15;0.15;0.15;0.15;0.15;0.15
sprinkles;0.15;0.15;0.15;0.15;0.15;0.15;0.15;0.15;0.15;0.15
vanilla;0.85;0.15;0.15;0.15;0.15;0.15;0.15;0.15;0.85;0.15
eggnog;0.15;0.15;0.15;0.15;0.15;0.15;0.15;0.15;0.15;0.15
irish cream;0.15;0.15;0.15;0.15;0.15;0.15;0.85;0.15;0.15;0.15
polygonum;0.15;0.15;0.15;0.15;0.15;0.15;0.15;0.15;0.15;0.15
pitanga;0.15;0.15;0.15;0.15;0.15;0.15;0.15;0.15;0.15;0.15
gerbera;0.15;0.15;0.15;0.15;0.15;0.15;0.15;0.15;0.15;0.15
petunia;0.15;0.15;0.15;0.15;0.15;0.15;0.15;0.15;0.15;0.15
purslane;0.15;0.15;0.15;0.15;0.15;0.15;0.15;0.15;0.15;0.15
laburnum;0.15;0.15;0.15;0.15;0.15;0.15;0.15;0.15;0.15;0.15
clintonia;0.15;0.15;0.15;0.15;0.15;0.15;0.15;0.15;0.15;0.15
sulfur;0.15;0.15;0.15;0.15;0.15;0.15;0.15;0.15;0.15;0.15
fragonia;0.15;0.15;0.15;0.15;0.15;0.15;0.15;0.15;0.15;0.15
guava;0.15;0.15;0.15;0.15;0.15;0.15;0.15;0.15;0.15;0.15
milkweed;0.15;0.15;0.15;0.15;0.15;0.15;0.15;0.15;0.15;0.15
snowdrop;0.15;0.15;0.15;0.15;0.15;0.15;0.15;0.15;0.15;0.15
baklava;0.15;0.15;0.15;0.15;0.15;0.15;0.15;0.15;0.15;0.15
spiraea;0.15;0.15;0.15;0.15;0.15;0.15;0.15;0.15;0.15;0.15
belambra;0.15;0.15;0.15;0.15;0.15;0.15;0.15;0.15;0.15;0.15
choya;0.15;0.15;0.15;0.15;0.15;0.15;0.15;0.15;0.15;0.15
sea daffodil;0.15;0.15;0.15;0.15;0.15;0.15;0.15;0.15;0.15;0.15
maple;0.15;0.15;0.15;0.15;0.15;0.15;0.15;0.15;0.15;0.15
sea salt;0.15;0.15;0.15;0.15;0.15;0.15;0.15;0.15;0.15;0.15
sage;0.15;0.15;0.15;0.15;0.15;0.15;0.15;0.15;0.15;0.15
spicy notes;0.15;0.15;0.15;0.15;0.15;0.15;0.15;0.15;0.15;0.15
apple pie;0.15;0.15;0.15;0.15;0.15;0.85;0.15;0.15;0.15;0.15
lemongrass;0.15;0.85;0.15;0.15;0.15;0.15;0.15;0.15;0.15;0.15
whiskey;0.15;0.15;0.15;0.15;0.15;0.15;0.15;0.15;0.15;0.15
tamanu;0.15;0.15;0.15;0.15;0.15;0.15;0.15;0.15;0.15;0.15
cumin;0.15;0.15;0.15;0.15;0.15;0.15;0.15;0.15;0.15;0.15
oily notes;0.15;0.15;0.15;0.15;0.15;0.15;0.15;0.15;0.15;0.15
oakmoss;0.15;0.15;0.15;0.85;0.15;0.15;0.15;0.85;0.15;0.15
sparkling water;0.15;0.15;0.15;0.15;0.15;0.15;0.15;0.15;0.15;0.15
tiramisu;0.15;0.15;0.15;0.15;0.15;0.15;0.15;0.15;0.15;0.15
confetti;0.15;0.15;0.15;0.15;0.15;0.15;0.15;0.15;0.15;0.15
persimmon;0.15;0.15;0.15;0.15;0.15;0.15;0.15;0.15;0.15;0.15
betel;0.15;0.15;0.15;0.15;0.15;0.15;0.15;0.15;0.15;0.15
nettle;0.15;0.15;0.15;0.15;0.15;0.15;0.15;0.15;0.15;0.15
pamplewood;0.15;0.15;0.15;0.85;0.15;0.15;0.15;0.15;0.15;0.15
watermelon;0.15;0.15;0.15;0.15;0.15;0.15;0.15;0.15;0.15;0.15
vine;0.15;0.15;0.15;0.15;0.15;0.15;0.15;0.15;0.15;0.15
sycamore;0.15;0.15;0.15;0.15;0.15;0.15;0.15;0.15;0.15;0.15
nigella;0.15;0.15;0.15;0.15;0.15;0.15;0.15;0.15;0.15;0.15
gelatin;0.15;0.15;0.15;0.15;0.15;0.15;0.15;0.15;0.15;0.15
count's fruit;0.15;0.15;0.15;0.15;0.15;0.85;0.15;0.15;0.15;0.15
yogurt;0.15;0.15;0.15;0.15;0.15;0.15;0.15;0.15;0.15;0.15
neem;0.15;0.15;0.15;0.15;0.15;0.15;0.15;0.15;0.15;0.15
clearwood;0.15;0.15;0.15;0.85;0.15;0.15;0.15;0.15;0.15;0.15
davana;0.15;0.15;0.15;0.15;0.15;0.15;0.15;0.15;0.15;0.15
tucuma;0.15;0.15;0.15;0.15;0.15;0.15;0.15;0.15;0.15;0.15
prunella;0.15;0.15;0.15;0.15;0.15;0.15;0.15;0.15;0.15;0.15
cottonwood;0.15;0.15;0.15;0.85;0.15;0.15;0.15;0.15;0.15;0.15
paramela;0.15;0.15;0.15;0.15;0.15;0.15;0.15;0.15;0.15;0.15
milk;0.15;0.15;0.15;0.15;0.15;0.15;0.15;0.15;0.15;0.15
mayflower;0.15;0.15;0.15;0.15;0.85;0.15;0.15;0.15;0.15;0.15
beech;0.15;0.15;0.15;0.15;0.15;0.15;0.15;0.15;0.15;0.15
ivy;0.15;0.15;0.15;0.15;0.15;0.15;0.15;0.15;0.15;0.15
red willow;0.15;0.15;0.15;0.15;0.15;0.15;0.15;0.15;0.15;0.15
tatami;0.15;0.15;0.15;0.15;0.15;0.15;0.15;0.15;0.15;0.15
cake;0.15;0.15;0.15;0.15;0.15;0.15;0.15;0.15;0.15;0.15
fruity;0.15;0.15;0.15;0.15;0.15;0.85;0.15;0.15;0.15;0.15
profiterole;0.15;0.15;0.15;0.15;0.15;0.15;0.15;0.15;0.15;0.15
sumac;0.15;0.15;0.15;0.15;0.15;0.15;0.15;0.15;0.15;0.15
pomegranate;0.15;0.15;0.15;0.15;0.15;0.15;0.15;0.15;0.15;0.15
sorbet;0.15;0.15;0.15;0.15;0.15;0.15;0.15;0.15;0.15;0.15
yumberry;0.15;0.15;0.15;0.15;0.15;0.85;0.15;0.15;0.15;0.15
jelly;0.15;0.15;0.15;0.15;0.15;0.15;0.15;0.15;0.15;0.15
lilac;0.15;0.15;0.15;0.15;0.15;0.15;0.15;0.15;0.15;0.15
santol;0.15;0.15;0.15;0.15;0.15;0.15;0.15;0.15;0.15;0.15
airy notes;0.15;0.15;0.15;0.15;0.15;0.15;0.15;0.15;0.15;0.15
poppy;0.15;0.15;0.15;0.15;0.15;0.15;0.15;0.15;0.15;0.15
beetroot;0.15;0.15;0.15;0.15;0.15;0.15;0.15;0.15;0.15;0.15
cabreuva;0.15;0.15;0.15;0.15;0.15;0.15;0.15;0.15;0.15;0.15
redwood;0.15;0.15;0.15;0.85;0.15;0.15;0.15;0.15;0.15;0.15
chickpeas;0.15;0.15;0.15;0.15;0.15;0.15;0.15;0.15;0.15;0.15
lily of the valley;0.15;0.15;0.15;0.15;0.85;0.15;0.15;0.15;0.15;0.15
banana;0.15;0.15;0.15;0.15;0.15;0.85;0.15;0.15;0.15;0.15
argan;0.15;0.15;0.15;0.15;0.15;0.15;0.15;0.15;0.15;0.15
animal notes;0.15;0.15;0.15;0.15;0.15;0.15;0.15;0.15;0.15;0.15
panna cotta;0.15;0.15;0.15;0.15;0.15;0.15;0.15;0.15;0.15;0.15
arnica;0.15;0.15;0.15;0.15;0.15;0.15;0.15;0.15;0.15;0.15
buxus;0.15;0.15;0.15;0.15;0.15;0.15;0.15;0.15;0.15;0.15
clover;0.15;0.15;0.85;0.15;0.15;0.15;0.15;0.15;0.15;0.15
ledum;0.15;0.15;0.15;0.15;0.15;0.15;0.15;0.15;0.15;0.15
kava;0.15;0.15;0.15;0.15;0.15;0.15;0.15;0.15;0.15;0.15
santolina;0.15;0.15;0.15;0.15;0.15;0.15;0.15;0.15;0.15;0.15
mezcal;0.15;0.15;0.15;0.15;0.15;0.15;0.15;0.15;0.15;0.15
pear;0.15;0.15;0.15;0.15;0.15;0.85;0.15;0.15;0.15;0.15
deadnettle;0.15;0.15;0.15;0.15;0.15;0.15;0.15;0.15;0.15;0.15
gianduia;0.15;0.15;0.15;0.15;0.15;0.15;0.15;0.15;0.15;0.15
takamaka;0.15;0.15;0.15;0.15;0.15;0.15;0.15;0.15;0.15;0.15
woodruff;0.15;0.15;0.15;0.85;0.15;0.15;0.15;0.15;0.15;0.15
pudding;0.15;0.15;0.15;0.15;0.15;0.15;0.15;0.15;0.15;0.15
porcelain;0.15;0.15;0.15;0.15;0.15;0.15;0.15;0.15;0.15;0.15
skeleton flower;0.15;0.15;0.15;0.15;0.85;0.15;0.15;0.15;0.15;0.15
nutella;0.15;0.15;0.15;0.15;0.15;0.15;0.15;0.15;0.15;0.15
grape;0.15;0.15;0.15;0.15;0.15;0.15;0.15;0.15;0.15;0.15
black currant;0.15;0.15;0.15;0.15;0.15;0.15;0.15;0.15;0.15;0.15
silverberry;0.15;0.15;0.15;0.15;0.15;0.85;0.15;0.15;0.15;0.15
ebony;0.15;0.15;0.15;0.15;0.15;0.15;0.15;0.15;0.15;0.15
peach;0.15;0.15;0.15;0.15;0.15;0.85;0.15;0.15;0.15;0.15
stephanotis;0.15;0.15;0.15;0.15;0.15;0.15;0.15;0.15;0.15;0.15
allspice;0.15;0.15;0.85;0.15;0.15;0.15;0.15;0.15;0.85;0.15
nutmeg;0.15;0.15;0.15;0.15;0.15;0.15;0.15;0.15;0.15;0.15
rubber;0.15;0.15;0.15;0.15;0.15;0.15;0.15;0.15;0.15;0.15
marian plum;0.15;0.15;0.15;0.15;0.15;0.85;0.15;0.15;0.15;0.15
pandanus;0.15;0.15;0.15;0.15;0.15;0.15;0.15;0.15;0.15;0.15
calycanthus;0.15;0.15;0.15;0.15;0.15;0.15;0.15;0.15;0.15;0.15
mocha;0.15;0.15;0.15;0.15;0.15;0.15;0.15;0.15;0.15;0.15
red currant;0.15;0.15;0.15;0.15;0.15;0.15;0.15;0.15;0.15;0.15
tamarisk;0.15;0.15;0.15;0.15;0.15;0.15;0.15;0.15;0.15;0.15
cogumelo porcino;0.15;0.15;0.15;0.15;0.15;0.15;0.15;0.15;0.15;0.15
macaron;0.15;0.15;0.15;0.15;0.15;0.15;0.15;0.15;0.15;0.15
sangria;0.15;0.15;0.15;0.15;0.15;0.15;0.15;0.15;0.15;0.15
toscanol;0.15;0.15;0.15;0.15;0.15;0.15;0.15;0.15;0.15;0.15
tarragon;0.15;0.15;0.15;0.15;0.15;0.15;0.15;0.15;0.15;0.15
dahlia;0.15;0.15;0.15;0.15;0.15;0.15;0.15;0.15;0.15;0.15
raki;0.15;0.15;0.15;0.15;0.15;0.15;0.15;0.15;0.15;0.15
sake;0.15;0.15;0.15;0.15;0.15;0.15;0.15;0.15;0.15;0.15
blackberry;0.15;0.15;0.15;0.15;0.15;0.85;0.15;0.15;0.15;0.15
conifer;0.15;0.15;0.15;0.15;0.15;0.15;0.15;0.15;0.15;0.15
dust;0.15;0.15;0.15;0.15;0.15;0.15;0.15;0.15;0.15;0.15
gold;0.15;0.15;0.15;0.15;0.15;0.15;0.15;0.15;0.15;0.15
clay;0.15;0.15;0.15;0.15;0.15;0.15;0.15;0.15;0.15;0.15
mushroom;0.15;0.15;0.15;0.15;0.15;0.15;0.15;0.15;0.15;0.15
thuja;0.15;0.15;0.15;0.15;0.15;0.15;0.15;0.15;0.15;0.15
jojoba;0.15;0.15;0.15;0.15;0.15;0.15;0.15;0.15;0.15;0.15
seaweed;0.15;0.15;0.15;0.15;0.15;0.15;0.15;0.15;0.15;0.15
blackthorn;0.15;0.15;0.15;0.15;0.15;0.15;0.15;0.15;0.15;0.15
daikon;0.15;0.15;0.15;0.15;0.15;0.15;0.15;0.15;0.15;0.15
ylang-ylang;0.15;0.15;0.15;0.15;0.85;0.15;0.15;0.15;0.15;0.15
melon;0.15;0.15;0.15;0.15;0.15;0.15;0.15;0.15;0.15;0.15
thai tea;0.15;0.15;0.15;0.15;0.15;0.15;0.15;0.15;0.15;0.15
cookie;0.15;0.15;0.15;0.15;0.15;0.15;0.15;0.15;0.15;0.15
reseda;0.15;0.15;0.15;0.15;0.15;0.15;0.15;0.15;0.15;0.15
orange;0.15;0.15;0.15;0.15;0.15;0.15;0.15;0.15;0.15;0.15
bark;0.15;0.15;0.15;0.15;0.15;0.15;0.15;0.15;0.15;0.15
cork;0.15;0.15;0.15;0.15;0.15;0.15;0.15;0.15;0.15;0.15
amarillys;0.15;0.15;0.15;0.15;0.15;0.15;0.15;0.15;0.15;0.15
linaloe berry;0.15;0.15;0.15;0.15;0.15;0.85;0.15;0.15;0.15;0.15
balsam;0.15;0.15;0.15;0.15;0.15;0.15;0.15;0.15;0.15;0.85
